headline,url,category,page,page_date,published_datetime
Man hacks wife to death over suspicion of extramarital affair in Ramanagara,https://www.thehindu.com/news/national/karnataka/man-hacks-wife-to-death-over-suspicion-of-extramarital-affair-in-ramanagara/article71044233.ece,Karnataka,1,"Sunday, 31st May 2026",2026-05-31T17:58:28+05:30
Pratik Tayal assumes office as Collector of Tiruchi,https://www.thehindu.com/news/cities/Tiruchirapalli/pratik-tayal-assumes-office-as-collector-of-tiruchi/article71044539.ece,Tiruchirapalli,1,"Sunday, 31st May 2026",2026-05-31T17:55:16+05:30
Government allots land for fish landing centre in Pattinacherry,https://www.thehindu.com/news/cities/Tiruchirapalli/government-allots-land-for-fish-landing-centre-in-pattinacherry/article71044515.ece,Tiruchirapalli,1,"Sunday, 31st May 2026",2026-05-31T17:52:06+05:30
Watch: India gets new CDS: General N.S. Raja Subramani takes charge,https://www.thehindu.com/videos/watch-india-gets-new-cds-general-ns-raja-subramani-takes-charge/article71044612.ece,Videos,1,"Sunday, 31st May 2026",2026-05-31T17:50:40+05:30
KRRS opposes privatisation of electricity supply,https://www.thehindu.com/news/national/karnataka/krrs-opposes-privatisation-of-electricity-supply/article71044435.ece,Karnataka,1,"Sunday, 31st May 2026",2026-05-31T17:49:52+05:30
Watch: Solar project sparks fears for Gujarat’s Banni grasslands,https://www.thehindu.com/videos/watch-solar-project-sparks-fears-for-gujarats-banni-grasslands/article71044610.ece,Spotlight,1,"Sunday, 31st May 2026",2026-05-31T17:46:05+05:30
No lion deaths reported in last three days amid viral outbreak in Gir: Minister,https://www.thehindu.com/news/national/gujarat/no-lion-deaths-reported-in-last-three-days-amid-viral-outbreak-in-gir-minister/article71044498.ece,Gujarat,1,"Sunday, 31st May 2026",2026-05-31T17:44:12+05:30
Watch: TN: Fire breaks out at Hyundai factory in Kancheepuram,https://www.thehindu.com/videos/watch-tn-fire-breaks-out-at-hyundai-factory-in-kancheepuram/article71044597.ece,Videos,1,"Sunday, 31st May 2026",2026-05-31T17:43:58+05:30
Madurai Reader’s Mail,https://www.thehindu.com/news/cities/Madurai/madurai-readers-mail/article71044365.ece,Madurai,1,"Sunday, 31st May 2026",2026-05-31T17:41:27+05:30
Enumeration phase of SIR begins in four States,https://www.thehindu.com/news/national/enumeration-phase-of-sir-begins-in-four-states/article71044518.ece,India,1,"Sunday, 31st May 2026",2026-05-31T17:40:52+05:30
Watch: ‘We will accelerate induction of indigenous weapons’: Gen N. S. Raja Subramani takes charge as CDS,https://www.thehindu.com/shorts/watch-we-will-accelerate-induction-of-indigenous-weapons-gen-n-s-raja-subramani-takes-charge-as-cds/article71044583.ece,Shorts,1,"Sunday, 31st May 2026",2026-05-31T17:39:44+05:30
Man attacks three of a family in Mayiladuthurai; surrenders before police,https://www.thehindu.com/news/cities/Tiruchirapalli/man-attacks-three-of-a-family-in-mayiladuthurai-surrenders-before-police/article71044494.ece,Tiruchirapalli,1,"Sunday, 31st May 2026",2026-05-31T17:36:26+05:30
UDF government in Kerala ‘poised’ to refer ADM Naveen Babu’s suicide case to CBI,https://www.thehindu.com/news/national/kerala/udf-government-in-keralapoised-to-refer-adm-naveen-babus-suicide-case-to-cbi/article71044407.ece,Kerala,1,"Sunday, 31st May 2026",2026-05-31T17:35:35+05:30
Stone laid for open dining shed in govt school with CSR funds of BPCL in Madurai,https://www.thehindu.com/news/cities/Madurai/stone-laid-for-open-dining-shed-in-govt-school-with-csr-funds-of-bpcl-in-madurai/article71044469.ece,Madurai,1,"Sunday, 31st May 2026",2026-05-31T17:34:53+05:30
Satwik-Chirag end title drought with maiden Singapore Open crown,https://www.thehindu.com/sport/other-sports/satwik-chirag-end-title-drought-with-maiden-singapore-open-crown/article71044517.ece,Other Sports,1,"Sunday, 31st May 2026",2026-05-31T17:34:49+05:30
"Top news of the day: CBSE says OnMark portal ‘vulnerabilities’ contained amid security concerns, Iran chief negotiator says no deal with U.S. until Iranian rights secured, and more",https://www.thehindu.com/news/top-news-of-the-day-may-31-2026/article71044476.ece,News,1,"Sunday, 31st May 2026",2026-05-31T17:32:07+05:30
Watch: Rajya Sabha Nomination In TN To Begin; TVK Likely To Win Its First Upper House Berth,https://www.thehindu.com/videos/watch-rajya-sabha-nomination-in-tn-to-begin-tvk-likely-to-win-its-first-upper-house-berth/article71044542.ece,Videos,1,"Sunday, 31st May 2026",2026-05-31T17:31:50+05:30
11 injured in jallikattu in Pudukottai district,https://www.thehindu.com/news/cities/Tiruchirapalli/11-injured-in-jallikattu-in-pudukottai-district/article71044447.ece,Tiruchirapalli,1,"Sunday, 31st May 2026",2026-05-31T17:30:50+05:30
Thunderstorm forecast in 21 Telangana districts on June 1,https://www.thehindu.com/news/national/telangana/thunderstorm-forecast-in-21-telangana-districts-on-june-1/article71044373.ece,Telangana,1,"Sunday, 31st May 2026",2026-05-31T17:27:21+05:30
Yercaud summer festival concludes,https://www.thehindu.com/news/cities/Coimbatore/yercaud-summer-festival-concludes/article71044389.ece,Coimbatore,1,"Sunday, 31st May 2026",2026-05-31T17:26:56+05:30
Elderly woman dies after scooter hits her in Salem,https://www.thehindu.com/news/cities/Coimbatore/elderlywoman-dies-after-scooter-hits-her-in-salem/article71044122.ece,Coimbatore,1,"Sunday, 31st May 2026",2026-05-31T17:15:02+05:30
Watch | Pune Hooch tragedy: CID takes over probe as death toll rises to 22,https://www.thehindu.com/videos/watch-pune-hooch-tragedy-cid-takes-over-probe-as-death-toll-rises-to-22/article71044506.ece,Videos,1,"Sunday, 31st May 2026",2026-05-31T17:14:55+05:30
"‘This is crucial juncture for space missions’, says Shubhanshu Shukla, as he prepares for second space voyage",https://www.thehindu.com/sci-tech/science/this-is-crucial-juncture-for-space-missions-shubhanshu-shukla-as-he-prepares-for-second-space-voyage/article71044351.ece,Science,1,"Sunday, 31st May 2026",2026-05-31T17:14:31+05:30
Marta Kostyuk stuns Iga Swiatek to reach her first French Open quarterfinal,https://www.thehindu.com/sport/tennis/marta-kostyuk-stuns-iga-swiatek-to-reach-her-first-french-open-quarterfinal/article71044466.ece,Tennis,1,"Sunday, 31st May 2026",2026-05-31T17:14:15+05:30
Mekedatu Dam row: Protesting Tamil Nadu farmers stopped at Karnataka border in Krishnagiri,https://www.thehindu.com/news/national/tamil-nadu/mekedatu-dam-row-protesting-tamil-nadu-farmers-stopped-at-karnataka-border-in-krishnagiri/article71044091.ece,Tamil Nadu,1,"Sunday, 31st May 2026",2026-05-31T17:11:02+05:30
"Pakistan beaming rogue telecom signals to aid terror networks, penetrate jails in Jammu and Kashmir: Officials",https://www.thehindu.com/news/national/jammu-and-kashmir/pakistan-beaming-rogue-telecom-signals-to-aid-terror-networks-penetrate-jails-in-jammu-and-kashmir-officials/article71044404.ece,Jammu and Kashmir,1,"Sunday, 31st May 2026",2026-05-31T17:08:27+05:30
Kedarnath Yatra temporarily halted due to bad weather in Uttarakhand,https://www.thehindu.com/news/national/uttarakhand/kedarnath-yatra-temporarily-halted-due-to-bad-weather-in-uttarakhand/article71044457.ece,Uttarakhand,1,"Sunday, 31st May 2026",2026-05-31T17:06:57+05:30
"Kochi police record statement of Malayalam actor Ansiba Hassan on her complaint against fellow actor, woman cop",https://www.thehindu.com/news/national/kerala/kochi-police-record-statement-of-malayalam-actor-ansiba-hassan-on-her-complaint-against-fellow-actor-woman-cop/article71044213.ece,Kerala,1,"Sunday, 31st May 2026",2026-05-31T17:04:54+05:30
"What is changing for UPI and LPG from June 1, 2026? Everything to know",https://www.thehindu.com/business/Economy/june-1-2026-financial-changes-upi-lpg-taxes-pan-card/article71044414.ece,Economy,1,"Sunday, 31st May 2026",2026-05-31T16:59:52+05:30
No tussle at all with judiciary over appointment of judges: Law Minister,https://www.thehindu.com/news/national/no-tussle-at-all-with-judiciary-over-appointment-of-judges-law-minister/article71044386.ece,India,1,"Sunday, 31st May 2026",2026-05-31T16:57:52+05:30
World No Tobacco Day observed in Namakkal,https://www.thehindu.com/news/cities/Coimbatore/world-no-tobacco-day-observed-in-namakkal/article71044182.ece,Coimbatore,1,"Sunday, 31st May 2026",2026-05-31T16:57:31+05:30
A new-look Pudukottai railway station with better amenities getting ready,https://www.thehindu.com/news/cities/Tiruchirapalli/a-new-look-pudukottai-railway-station-with-better-amenities-getting-ready/article71044377.ece,Tiruchirapalli,1,"Sunday, 31st May 2026",2026-05-31T16:55:21+05:30
Dindigul reader’s mail,https://www.thehindu.com/news/cities/Madurai/dindigul-readers-mail/article71044383.ece,Madurai,1,"Sunday, 31st May 2026",2026-05-31T16:51:48+05:30
CBSE says OnMark portal ‘vulnerabilities’ contained amid security concerns,https://www.thehindu.com/news/national/cbse-says-onmark-portal-vulnerabilities-contained-amid-security-concerns/article71044420.ece,India,1,"Sunday, 31st May 2026",2026-05-31T16:48:46+05:30
Home Minister V. Anitha visits home guard injured in knife attack near Lankelapalem,https://www.thehindu.com/news/cities/Visakhapatnam/home-minister-v-anitha-visits-home-guard-injured-in-knife-attack-near-lankelapalem/article71044394.ece,Visakhapatnam,1,"Sunday, 31st May 2026",2026-05-31T16:46:29+05:30
Three held in J&K’s Uri as Army foils exfiltration bid,https://www.thehindu.com/news/national/jammu-and-kashmir/people-held-in-jammu-and-kashmir-while-trying-to-exfiltrate-to-pakistan/article71044354.ece,Jammu and Kashmir,1,"Sunday, 31st May 2026",2026-05-31T16:44:22+05:30
College student dies after getting stuck in temple car wheel in Tiruchengode,https://www.thehindu.com/news/national/tamil-nadu/college-student-dies-after-getting-stuck-in-temple-car-wheel-in-tiruchengode/article71044228.ece,Tamil Nadu,1,"Sunday, 31st May 2026",2026-05-31T16:44:20+05:30
K-TET: teachers’ organisations want Union government to bring in legislative amendment,https://www.thehindu.com/news/national/kerala/k-tet-teachers-organisations-want-union-government-to-bring-in-legislative-amendment/article71042452.ece,Kerala,1,"Sunday, 31st May 2026",2026-05-31T16:43:32+05:30
South Coast Railway zone in Visakhapatnam goes operational under GM Sandeep Mathur,https://www.thehindu.com/news/cities/Visakhapatnam/south-coast-railway-zone-in-visakhapatnam-goes-operational-under-gm-sandeep-mathur/article71044281.ece,Visakhapatnam,1,"Sunday, 31st May 2026",2026-05-31T16:35:25+05:30
Kerala-based group to launch Community Marine Biodiversity Online Register on World Oceans Day,https://www.thehindu.com/news/national/kerala/kerala-based-group-to-launch-community-marine-biodiversity-online-register-on-world-oceans-day/article71041548.ece,Kerala,1,"Sunday, 31st May 2026",2026-05-31T16:27:33+05:30
"U.K. Foreign Secretary to visit India, China for talks on global challenges",https://www.thehindu.com/news/national/uk-foreign-secretary-to-visit-india-china-for-talks-on-global-challenges/article71044355.ece,India,1,"Sunday, 31st May 2026",2026-05-31T16:24:10+05:30
"Money mule account used to route cyber scam funds, case registered",https://www.thehindu.com/news/national/karnataka/money-mule-account-used-to-route-cyber-scam-funds-case-registered/article71044251.ece,Karnataka,1,"Sunday, 31st May 2026",2026-05-31T16:12:14+05:30
"Bengaluru East Corporation seizes six vehicles for illegal dumping of waste along riverbank, FIR registered",https://www.thehindu.com/news/cities/bangalore/bengaluru-east-corporation-seizes-six-vehicles-for-illegal-dumping-of-waste-along-riverbank-fir-registered/article71044237.ece,Bengaluru,1,"Sunday, 31st May 2026",2026-05-31T16:10:46+05:30
Should you get a second medical opinion? A surgeon explains why doing so can make you a more confident patient,https://www.thehindu.com/sci-tech/health/should-you-get-a-second-medical-opinion-a-surgeon-explains-why-doing-so-can-make-you-a-more-confident-patient/article71033865.ece,Health,1,"Sunday, 31st May 2026",2026-05-31T16:00:00+05:30
Watch: Premallatha Vijayakant hits out at EPS: “Karma has caught up with AIADMK”,https://www.thehindu.com/shorts/watch-premallatha-vijayakant-hits-out-at-eps-karma-has-caught-up-with-aiadmk/article71044372.ece,Shorts,1,"Sunday, 31st May 2026",2026-05-31T15:57:10+05:30
BJP chief Nitin Nabin on 2-day visit to Jharkhand from June 6,https://www.thehindu.com/news/national/jharkhand/bjp-chief-nitin-nabin-on-2-day-visit-to-jharkhand-from-june-6/article71044328.ece,Jharkhand,1,"Sunday, 31st May 2026",2026-05-31T15:48:47+05:30
Jammu and Kashmir CM calls MLAs meet on June 3,https://www.thehindu.com/news/national/jammu-and-kashmir/jammu-and-kashmir-cm-calls-mlas-meet-on-june-3/article71044283.ece,Jammu and Kashmir,1,"Sunday, 31st May 2026",2026-05-31T15:45:53+05:30
Japan’s Shinjiro Koizumi denies accusations of new militarism,https://www.thehindu.com/shorts/japans-shinjiro-koizumi-denies-accusations-of-new-militarism/article71044344.ece,Shorts,1,"Sunday, 31st May 2026",2026-05-31T15:44:28+05:30
RCB vs Gujarat Titans: Who will win the IPL final? | The IPL show feat. Vidyut Sivaramakrishnan,https://www.thehindu.com/videos/rcb-vs-gujarat-titans-who-will-win-the-ipl-final-the-ipl-show-feat-vidyut-sivaramakrishnan/article71044333.ece,Videos,1,"Sunday, 31st May 2026",2026-05-31T15:40:56+05:30
Nara Lokesh to visit Russia from June 2 to attract investments to Andhra Pradesh,https://www.thehindu.com/news/national/andhra-pradesh/nara-lokesh-to-visit-russia-from-june-2-to-attract-investments-to-andhra-pradesh/article71044135.ece,Andhra Pradesh,1,"Sunday, 31st May 2026",2026-05-31T15:40:02+05:30
"Bengaluru East Corporation seizes six vehicles for illegal dumping of waste along riverbank, FIR registered",https://www.thehindu.com/news/cities/bangalore/bengaluru-east-corporation-seizes-six-vehicles-for-illegal-dumping-of-waste-along-riverbank-fir-registered/article71044237.ece,Bengaluru,2,"Sunday, 31st May 2026",2026-05-31T16:10:46+05:30
Should you get a second medical opinion? A surgeon explains why doing so can make you a more confident patient,https://www.thehindu.com/sci-tech/health/should-you-get-a-second-medical-opinion-a-surgeon-explains-why-doing-so-can-make-you-a-more-confident-patient/article71033865.ece,Health,2,"Sunday, 31st May 2026",2026-05-31T16:00:00+05:30
Watch: Premallatha Vijayakant hits out at EPS: “Karma has caught up with AIADMK”,https://www.thehindu.com/shorts/watch-premallatha-vijayakant-hits-out-at-eps-karma-has-caught-up-with-aiadmk/article71044372.ece,Shorts,2,"Sunday, 31st May 2026",2026-05-31T15:57:10+05:30
BJP chief Nitin Nabin on 2-day visit to Jharkhand from June 6,https://www.thehindu.com/news/national/jharkhand/bjp-chief-nitin-nabin-on-2-day-visit-to-jharkhand-from-june-6/article71044328.ece,Jharkhand,2,"Sunday, 31st May 2026",2026-05-31T15:48:47+05:30
Jammu and Kashmir CM calls MLAs meet on June 3,https://www.thehindu.com/news/national/jammu-and-kashmir/jammu-and-kashmir-cm-calls-mlas-meet-on-june-3/article71044283.ece,Jammu and Kashmir,2,"Sunday, 31st May 2026",2026-05-31T15:45:53+05:30
Japan’s Shinjiro Koizumi denies accusations of new militarism,https://www.thehindu.com/shorts/japans-shinjiro-koizumi-denies-accusations-of-new-militarism/article71044344.ece,Shorts,2,"Sunday, 31st May 2026",2026-05-31T15:44:28+05:30
RCB vs Gujarat Titans: Who will win the IPL final? | The IPL show feat. Vidyut Sivaramakrishnan,https://www.thehindu.com/videos/rcb-vs-gujarat-titans-who-will-win-the-ipl-final-the-ipl-show-feat-vidyut-sivaramakrishnan/article71044333.ece,Videos,2,"Sunday, 31st May 2026",2026-05-31T15:40:56+05:30
Nara Lokesh to visit Russia from June 2 to attract investments to Andhra Pradesh,https://www.thehindu.com/news/national/andhra-pradesh/nara-lokesh-to-visit-russia-from-june-2-to-attract-investments-to-andhra-pradesh/article71044135.ece,Andhra Pradesh,2,"Sunday, 31st May 2026",2026-05-31T15:40:02+05:30
"India, U.S. chief negotiators to hold four-day trade talks from June 1",https://www.thehindu.com/business/Economy/india-us-chief-negotiators-to-hold-four-day-trade-talks-from-june-1/article71044303.ece,Economy,2,"Sunday, 31st May 2026",2026-05-31T15:37:17+05:30
"Estonian startups keen to partner India, tap into its huge market",https://www.thehindu.com/news/international/estonian-startups-keen-to-partner-india-tap-into-its-huge-market/article71044254.ece,World,2,"Sunday, 31st May 2026",2026-05-31T15:23:50+05:30
"Sooryavanshi truly special, no one should play around with his natural instincts: Tendulkar",https://www.thehindu.com/sport/cricket/sooryavanshi-truly-special-no-one-should-play-around-with-his-natural-instincts-tendulkar/article71044215.ece,Cricket,2,"Sunday, 31st May 2026",2026-05-31T15:13:08+05:30
"Analysing the link between adaptability and species success of Elvira rat, Cutch rock rat",https://www.thehindu.com/sci-tech/energy-and-environment/analysing-the-link-between-adaptability-and-species-success-of-elvira-rat-cutch-rock-rat/article71044108.ece,premium,2,"Sunday, 31st May 2026",2026-05-31T15:11:24+05:30
Maratha quota: Jarange ends fast after talks with govt delegation,https://www.thehindu.com/news/national/maharashtra/maratha-quota-jarange-ends-fast-after-talks-with-govt-delegation/article71044247.ece,Maharashtra,2,"Sunday, 31st May 2026",2026-05-31T15:10:04+05:30
‘Mantri Pradhan’s Ministry of Scandals’: Congress flags CBSE answer sheets ‘data breach’,https://www.thehindu.com/news/national/mantri-pradhans-ministry-of-scandals-congress-flags-cbse-answer-sheets-data-breach/article71044243.ece,India,2,"Sunday, 31st May 2026",2026-05-31T15:06:50+05:30
"Donald Trump's daughter visits Jaisalmer, security heightened",https://www.thehindu.com/news/national/donald-trumps-daughter-visits-jaisalmer-security-heightened/article71044197.ece,India,2,"Sunday, 31st May 2026",2026-05-31T14:46:56+05:30
"Discussions underway to appoint new KPCC chief, says Kharge",https://www.thehindu.com/news/national/karnataka/discussions-underway-to-appoint-new-kpcc-chief-says-kharge/article71044205.ece,Karnataka,2,"Sunday, 31st May 2026",2026-05-31T14:46:53+05:30
Blue moon 2026: will the ‘micromoon’ be visible in India?,https://www.thehindu.com/sci-tech/science/blue-moon-may-31-2026-india-visibility-when-where-how-to-watch-it-difference-from-micromoon/article71044163.ece,Science,2,"Sunday, 31st May 2026",2026-05-31T14:46:42+05:30
The end of Waltair: How Visakhapatnam got its own railway division,https://www.thehindu.com/news/cities/Visakhapatnam/the-end-of-waltair-how-visakhapatnam-got-its-own-railway-division/article71043889.ece,Visakhapatnam,2,"Sunday, 31st May 2026",2026-05-31T14:43:17+05:30
Telangana CM Revanth to review the rollout of Employee Health Scheme,https://www.thehindu.com/news/national/telangana/telangana-cm-revanth-to-review-the-rollout-of-employee-health-scheme/article71044167.ece,Telangana,2,"Sunday, 31st May 2026",2026-05-31T14:37:46+05:30
POCSO Act applies if victim of commercial sex trafficking is minor: Supreme Court,https://www.thehindu.com/news/national/pocso-act-applies-if-victim-of-commercial-sex-trafficking-is-minor-supreme-court/article71044156.ece,India,2,"Sunday, 31st May 2026",2026-05-31T13:59:34+05:30
"Sitting VC on search panel raises conflict of interest concerns, says expert",https://www.thehindu.com/news/national/karnataka/sitting-vc-on-search-panel-raises-conflict-of-interest-concerns-says-expert/article71044153.ece,Karnataka,2,"Sunday, 31st May 2026",2026-05-31T13:55:44+05:30
Mallikarjun Kharge meets Telangana leaders during Hyderabad stopover,https://www.thehindu.com/news/national/telangana/mallikarjun-kharge-meets-telangana-leaders-during-hyderabad-stopover/article71044145.ece,Telangana,2,"Sunday, 31st May 2026",2026-05-31T13:38:47+05:30
"IAS officers reshuffle in Tamil Nadu: Five new Collectors, three Corporation Commissioners appointed",https://www.thehindu.com/news/national/tamil-nadu/ias-officers-reshuffle-in-tamil-nadu-five-new-collectors-three-corporation-commissioners-appointed/article71042360.ece,Tamil Nadu,2,"Sunday, 31st May 2026",2026-05-31T13:33:32+05:30
U.S. chemical spill: Death toll rises to 11,https://www.thehindu.com/news/international/us-chemical-spill-death-casualty-on-may-31/article71044100.ece,World,2,"Sunday, 31st May 2026",2026-05-31T13:30:22+05:30
"Revanth Reddy to embark on multi-district tour, launch key development projects across Telangana from June 1",https://www.thehindu.com/news/national/telangana/revanth-reddy-to-embark-on-multi-district-tour-launch-key-development-projects-across-telangana-from-june-1/article71044126.ece,Telangana,2,"Sunday, 31st May 2026",2026-05-31T13:25:17+05:30
"TMC MP Kalyan Banerjee claims BJP supporters attacked, injured him outside police station",https://www.thehindu.com/news/national/west-bengal/tmc-mp-kalyan-banerjee-claims-bjp-supporters-attacked-injured-him-outside-police-station/article71044098.ece,West Bengal,2,"Sunday, 31st May 2026",2026-05-31T13:09:57+05:30
"Vasan urges Central, State governments to act against tobacco use",https://www.thehindu.com/news/national/tamil-nadu/vasan-urges-central-state-governments-to-act-against-tobacco-use/article71044017.ece,Tamil Nadu,2,"Sunday, 31st May 2026",2026-05-31T13:04:59+05:30
Trump says Iran has agreed to no nuclear weapons,https://www.thehindu.com/news/international/trump-says-iran-has-agreed-to-no-nuclear-weapons/article71044082.ece,World,2,"Sunday, 31st May 2026",2026-05-31T13:01:41+05:30
How inflammatory bowel diseases affect growth in children,https://www.thehindu.com/sci-tech/health/how-inflammatory-bowel-diseases-affect-growth-in-children/article71028853.ece,premium,2,"Sunday, 31st May 2026",2026-05-31T13:00:00+05:30
AIADMK raises concerns over T.N. Minister Aadhav Arjuna holding two posts,https://www.thehindu.com/news/national/tamil-nadu/aiadmk-raises-concerns-over-tn-minister-aadhav-arjuna-holding-two-posts/article71044041.ece,Tamil Nadu,2,"Sunday, 31st May 2026",2026-05-31T12:57:34+05:30
Chamba accident: Operation under way to retrieve bodies from gorge,https://www.thehindu.com/news/national/chamba-accident-sach-pass-death-toll-may-31-2026/article71044057.ece,India,2,"Sunday, 31st May 2026",2026-05-31T12:52:56+05:30
‘We’re getting old’: Magnus Carlsen’s honest reflection amid Norway Chess struggles,https://www.thehindu.com/sport/other-sports/were-getting-old-magnus-carlsens-honest-reflection-amid-norway-chess-struggles/article71044059.ece,Other Sports,2,"Sunday, 31st May 2026",2026-05-31T12:52:28+05:30
"Watch: Mamata slams ‘barbaric’ attack on Abhishek Banerjee, says TMC won’t be intimidated",https://www.thehindu.com/videos/watch-mamata-slams-barbaric-attack-on-abhishek-banerjee-says-tmc-wont-be-intimidated/article71044083.ece,Videos,2,"Sunday, 31st May 2026",2026-05-31T12:50:28+05:30
"Vanathi Srinivasan criticises Tamil Nadu government over safety of women, law and order situation",https://www.thehindu.com/news/national/tamil-nadu/vanathi-srinivasan-criticises-tamil-nadu-government-over-safety-of-women-law-and-order-situation/article71044030.ece,Tamil Nadu,2,"Sunday, 31st May 2026",2026-05-31T12:40:28+05:30
BJP alleges Mamata pressured private hospital to admit Abhishek Banerjee,https://www.thehindu.com/news/national/west-bengal/bjp-alleges-mamata-pressured-private-hospital-to-admit-abhishek-banerjee/article71044055.ece,West Bengal,2,"Sunday, 31st May 2026",2026-05-31T12:39:44+05:30
"Power Minister pushes for timely settlement of West Bengal State-depts’ dues, shift to prepaid metering",https://www.thehindu.com/business/Industry/power-minister-pushes-for-timely-settlement-of-west-bengal-state-depts-dues-shift-to-prepaid-metering/article71044066.ece,Industry,2,"Sunday, 31st May 2026",2026-05-31T12:38:01+05:30
Mann Ki Baat: PM Modi urges people to take precautions amid scorching heat,https://www.thehindu.com/news/national/mann-ki-baat-134th-episode-prime-minister-narendra-modi-heatwaves/article71044048.ece,India,2,"Sunday, 31st May 2026",2026-05-31T12:30:55+05:30
Women's U18 Asia Cup hockey: India beats Korea 3-1 to continue winning run,https://www.thehindu.com/sport/hockey/womens-u18-asia-cup-hockey-india-beats-korea-3-1-to-continue-winning-run/article71043997.ece,Hockey,2,"Sunday, 31st May 2026",2026-05-31T12:25:10+05:30
"DSC-2025 conducted with transparency and fairness, says  Education Secretary",https://www.thehindu.com/news/national/andhra-pradesh/dsc-2025-conducted-with-transparency-and-fairness-says-ap-education-secretary/article71042165.ece,Andhra Pradesh,2,"Sunday, 31st May 2026",2026-05-31T12:25:06+05:30
‘Any deal that Trump makes will be great’: Hegseth says strikes could return if talks with Iran fail,https://www.thehindu.com/shorts/any-deal-that-trump-makes-will-be-great-hegseth-says-strikes-could-return-if-talks-with-iran-fail/article71044051.ece,Shorts,2,"Sunday, 31st May 2026",2026-05-31T12:23:20+05:30
"Puducherry to handle patta transfer, sub-division mutation at Taluk level under new SOP",https://www.thehindu.com/news/cities/puducherry/puducherry-to-handle-patta-transfer-sub-division-mutation-at-taluk-level-under-new-sop/article71043885.ece,Puducherry,2,"Sunday, 31st May 2026",2026-05-31T12:22:59+05:30
Demolition drive in northwest Delhi's Shalimar Bagh to remove encroachments,https://www.thehindu.com/news/cities/Delhi/demolition-drive-in-northwest-delhis-shalimar-bagh-to-remove-encroachments/article71044023.ece,Delhi,2,"Sunday, 31st May 2026",2026-05-31T12:17:09+05:30
"Hyperbaric oxygen therapy: What it is, where it works, and its limits | The Hindu Health Wrap",https://www.thehindu.com/videos/hyperbaric-oxygen-therapy-what-it-is-where-it-works-and-its-limits-the-hindu-health-wrap/article71044007.ece,Videos,2,"Sunday, 31st May 2026",2026-05-31T12:16:42+05:30
Gruha Lakshmi scheme: Inform authorities of beneficiaries’ death to transfer benefits to next eligible woman in family,https://www.thehindu.com/news/national/karnataka/gruha-lakshmi-scheme-inform-authorities-of-beneficiaries-death-to-transfer-benefits-to-next-eligible-woman-in-family/article71043821.ece,Karnataka,2,"Sunday, 31st May 2026",2026-05-31T12:15:58+05:30
Vizianagaram Collector orders speedy completion of Jaladhara Jalaharathi works,https://www.thehindu.com/news/national/andhra-pradesh/vizianagaram-collector-orders-speedy-completion-of-jaladhara-jalaharathi-works/article71043884.ece,Andhra Pradesh,2,"Sunday, 31st May 2026",2026-05-31T12:15:07+05:30
"Five arrested for attack on Abhishek, Mamata says police pressurised hospitals not to admit him",https://www.thehindu.com/news/national/west-bengal/five-arrested-for-attack-on-abhishek-mamata-says-police-pressurised-hospitals-not-to-admit-him/article71044003.ece,West Bengal,2,"Sunday, 31st May 2026",2026-05-31T12:06:16+05:30
Ravi Mohan joins Lokesh Cinematic Universe film ‘Benz’,https://www.thehindu.com/entertainment/movies/ravi-mohan-lokesh-kanagaraj-benz-lcu-raghava-lawrence-nivin-pauly/article71043994.ece,Movies,2,"Sunday, 31st May 2026",2026-05-31T12:03:41+05:30
West Asia conflict to impact SAIL steel prices marginally: Official,https://www.thehindu.com/business/Industry/west-asia-conflict-to-impact-sail-steel-prices-marginally-official/article71043970.ece,Industry,2,"Sunday, 31st May 2026",2026-05-31T12:00:55+05:30
Armed forces will continue to serve the nation: General Subramani,https://www.thehindu.com/shorts/armed-forces-will-continue-to-serve-the-nation-general-subramani/article71044018.ece,Shorts,2,"Sunday, 31st May 2026",2026-05-31T12:00:01+05:30
Is India ready for NEET in Computer-Based Testing (CBT) format?,https://www.thehindu.com/education/is-india-ready-for-neet-in-computer-based-testing-cbt-format/article71024111.ece,premium,2,"Sunday, 31st May 2026",2026-05-31T12:00:00+05:30
Is India ready for NEET in Computer-Based Testing (CBT) format?,https://www.thehindu.com/education/is-india-ready-for-neet-in-computer-based-testing-cbt-format/article71024111.ece,premium,3,"Sunday, 31st May 2026",2026-05-31T12:00:00+05:30
Yoga sessions to be held across 120 locations in Mysuru on June 21,https://www.thehindu.com/news/national/karnataka/yoga-sessions-to-be-held-across-120-locations-in-mysuru-on-june-21/article71043926.ece,Karnataka,3,"Sunday, 31st May 2026",2026-05-31T11:57:49+05:30
"Trump holds off on Iran ceasefire deal, wants new  framework for review",https://www.thehindu.com/videos/trump-holds-off-on-iran-ceasefire-deal-wants-new-framework-for-review/article71044010.ece,Videos,3,"Sunday, 31st May 2026",2026-05-31T11:55:56+05:30
Y. Balaji Kiran takes additional charge as Chief PRO of South Coast Railway,https://www.thehindu.com/news/cities/Visakhapatnam/y-balaji-kiran-takes-additional-charge-as-chief-pro-of-south-coast-railway/article71043726.ece,Visakhapatnam,3,"Sunday, 31st May 2026",2026-05-31T11:46:27+05:30
Sri Lanka raises fuel prices after IMF loan installment,https://www.thehindu.com/news/international/sri-lanka-raise-fuel-prices-after-imf-loan-installment/article71043862.ece,World,3,"Sunday, 31st May 2026",2026-05-31T11:43:19+05:30
National Family Health Survey-6 findings | Complete coverage from The Hindu,https://www.thehindu.com/sci-tech/health/national-family-health-survey-6-findings-complete-coverage-from-the-hindu/article71043935.ece,Health,3,"Sunday, 31st May 2026",2026-05-31T11:35:19+05:30
"Navy stands vigilant to protect national interests, says new chief Admiral Krishna Swaminathan",https://www.thehindu.com/news/national/new-navy-chief-admiral-krishna-swaminathan/article71043965.ece,India,3,"Sunday, 31st May 2026",2026-05-31T11:31:55+05:30
Trump lashes out at Pope Leo XIV over Vatican meeting with ‘useless’ Chicago mayor,https://www.thehindu.com/news/international/trump-lashes-out-at-pope-leo-xiv-over-vatican-meeting-with-useless-chicago-mayor/article71043922.ece,World,3,"Sunday, 31st May 2026",2026-05-31T11:31:37+05:30
Want to hang out?,https://www.thehindu.com/newsletter/gender-agenda/gender-agenda-newsletter-want-to-hang-out/article71043973.ece,Gender Agenda,3,"Sunday, 31st May 2026",2026-05-31T11:30:41+05:30
Israeli Army captures strategic castle in Lebanon in deepest incursion into country in 26 years,https://www.thehindu.com/news/international/israeli-army-captures-strategic-castle-in-lebanon-in-deepest-incursion-into-country-in-26-years/article71043919.ece,World,3,"Sunday, 31st May 2026",2026-05-31T11:26:22+05:30
BJP will form the government again in 2027 under Dhami’s leadership in Uttarakhand: Nitin Nabin,https://www.thehindu.com/news/national/uttarakhand/bjp-will-form-the-government-again-in-2027-under-dhamis-leadership-in-uttarakhand-nitin-navin/article71043940.ece,Uttarakhand,3,"Sunday, 31st May 2026",2026-05-31T11:14:15+05:30
U.S. says three killed in ‘narco’ boat strike,https://www.thehindu.com/news/international/us-says-three-killed-in-narco-boat-strike/article71043911.ece,World,3,"Sunday, 31st May 2026",2026-05-31T11:09:46+05:30
Norway Chess: Gukesh prevails over Praggnanandhaa; Divya Deshmukh moves to top,https://www.thehindu.com/sport/other-sports/norway-chess-gukesh-prevails-over-praggnanandhaa-divya-deshmukh-moves-to-top/article71043912.ece,Other Sports,3,"Sunday, 31st May 2026",2026-05-31T11:05:26+05:30
"Saket building collapse: Four killed, 12 others rescued",https://www.thehindu.com/news/cities/Delhi/saket-building-collapse-delhi-death-toll-may-31-2026/article71043893.ece,Delhi,3,"Sunday, 31st May 2026",2026-05-31T11:00:59+05:30
"Three killed, seven hurt as APSRTC bus hits stationary lorry at Gajuwaka in Visakhapatnam",https://www.thehindu.com/news/cities/Visakhapatnam/three-dead-seven-injured-as-rtc-bus-rammed-into-stationery-lorry-at-gajuwaka-in-visakhapatnam/article71043738.ece,Visakhapatnam,3,"Sunday, 31st May 2026",2026-05-31T10:54:04+05:30
Japan Defence Chief takes swipe at China at security meet,https://www.thehindu.com/news/international/japan-defence-chief-takes-swipe-at-china-at-security-meet/article71043857.ece,World,3,"Sunday, 31st May 2026",2026-05-31T10:45:20+05:30
Uproar in U.P. over 10% fuel surcharge on electricity bills,https://www.thehindu.com/news/national/uttar-pradesh/uproar-in-up-over-10-fuel-surcharge-on-electricity-bills/article71041820.ece,Uttar Pradesh,3,"Sunday, 31st May 2026",2026-05-31T10:44:35+05:30
Assam’s Council of Ministers to be expanded on June 5,https://www.thehindu.com/news/national/assam/assam-cabinet-to-be-expanded-on-june-5-says-cm-himanta-biswa-sarma/article71043870.ece,Assam,3,"Sunday, 31st May 2026",2026-05-31T10:43:38+05:30
Why some brains are more prone to nicotine addiction,https://www.thehindu.com/sci-tech/health/why-some-brains-are-more-prone-to-nicotine-addiction/article71028991.ece,premium,3,"Sunday, 31st May 2026",2026-05-31T10:41:28+05:30
"Pre-monsoon showers drench Mumbai, waterlogging slows traffic in some areas",https://www.thehindu.com/news/national/maharashtra/pre-monsoon-showers-drench-mumbai-waterlogging-slows-traffic-in-some-areas/article71043860.ece,Maharashtra,3,"Sunday, 31st May 2026",2026-05-31T10:33:03+05:30
"Government revises fuel export levies for fortnight beginning June 1, domestic rates unchanged",https://www.thehindu.com/business/Economy/government-revises-fuel-export-levies-for-fortnight-beginning-june-1-domestic-rates-unchanged/article71043859.ece,Economy,3,"Sunday, 31st May 2026",2026-05-31T10:29:30+05:30
"China's factory activity slows in May, raising questions over its economy",https://www.thehindu.com/news/international/chinas-factory-activity-slows-in-may-raising-questions-over-its-economy/article71043851.ece,World,3,"Sunday, 31st May 2026",2026-05-31T10:25:38+05:30
"One third of coaches are egoistic; stubborn and abusive, says Sumit Antil",https://www.thehindu.com/sport/athletics/one-third-of-coaches-are-egoistic-stubborn-and-abusive-says-sumit-antil/article71043850.ece,Athletics,3,"Sunday, 31st May 2026",2026-05-31T10:19:08+05:30
Decomposed body of woman found inside car parked in Madurai workshop,https://www.thehindu.com/news/cities/Madurai/decomposed-body-of-woman-found-inside-car-parked-in-workshop-in-madurai/article71043780.ece,Madurai,3,"Sunday, 31st May 2026",2026-05-31T10:08:35+05:30
General Subramani takes charge as new Chief of Defence Staff,https://www.thehindu.com/news/national/general-subramani-takes-charge-as-new-chief-of-defence-staff/article71043826.ece,India,3,"Sunday, 31st May 2026",2026-05-31T10:00:01+05:30
Is a Ph.D. a career asset or an academic detour?,https://www.thehindu.com/education/colleges/is-a-phd-a-career-asset-or-an-academic-detour/article71025961.ece,premium,3,"Sunday, 31st May 2026",2026-05-31T10:00:00+05:30
DHS Green Card Policy Update 2026: What you need to know,https://www.thehindu.com/news/international/fhs-green-card-policy-update-2026-what-you-need-to-know/article71043729.ece,World,3,"Sunday, 31st May 2026",2026-05-31T09:59:54+05:30
IPL 2026 Finals | RCB vs GT: When and where to watch the match,https://www.thehindu.com/sport/cricket/rcb-vs-gt-ipl-2026-final-match-may-31-2026-when-where-how-to-watch/article71043795.ece,Cricket,3,"Sunday, 31st May 2026",2026-05-31T09:50:45+05:30
Murder of student in Ghaziabad: Main accused killed following encounter with police,https://www.thehindu.com/news/national/uttar-pradesh/murder-of-student-in-ghaziabad-main-accused-killed-following-encounter-with-police/article71043806.ece,Uttar Pradesh,3,"Sunday, 31st May 2026",2026-05-31T09:46:08+05:30
"Onion farmers seek ₹10,000 crore revival package, stable export policy from Centre",https://www.thehindu.com/news/national/maharashtra/onion-farmers-seek-10000-crore-revival-package-stable-export-policy-from-centre/article71043805.ece,Maharashtra,3,"Sunday, 31st May 2026",2026-05-31T09:43:00+05:30
'Ugly face of BJP's politics of revenge': Opposition leaders condemn attack on TMC's Abhishek,https://www.thehindu.com/news/national/west-bengal/ugly-face-of-bjps-politics-of-revenge-opposition-leaders-condemn-attack-on-tmcs-abhishek/article71043765.ece,West Bengal,3,"Sunday, 31st May 2026",2026-05-31T09:20:34+05:30
Para-athlete held for shooting dead national-level para-athlete Chirag Tyagi in Ghaziabad,https://www.thehindu.com/news/national/uttar-pradesh/para-athlete-chirag-tyagi-found-dead-in-ups-ghaziabad/article71043742.ece,Uttar Pradesh,3,"Sunday, 31st May 2026",2026-05-31T08:50:30+05:30
Second-life surgery | Surrendered Maoists in Maharashtra reverse vasectomies for family life,https://www.thehindu.com/news/national/maharashtra/surrendered-maoists-in-maharashtra-reverse-vasectomies-for-family-life/article71036824.ece,premium,3,"Sunday, 31st May 2026",2026-05-31T08:32:19+05:30
U.S. military fires on Gambia-flagged ship violating Iran blockade,https://www.thehindu.com/news/international/us-military-fires-on-gambia-flagged-ship-violating-iran-blockade/article71043733.ece,World,3,"Sunday, 31st May 2026",2026-05-31T08:29:57+05:30
How to facilitate optimal group dynamics during a project,https://www.thehindu.com/education/schools/how-to-facilitate-optimal-group-dynamics-during-a-project/article71024030.ece,premium,3,"Sunday, 31st May 2026",2026-05-31T08:00:00+05:30
News in Frames | Bringing water to a scorching desert,https://www.thehindu.com/news/national/rajasthan/news-in-frames-bringing-water-to-a-scorching-desert/article71043714.ece,premium,3,"Sunday, 31st May 2026",2026-05-31T07:48:21+05:30
Meteor explodes over U.S. with blast equivalent to 300 tonnes of TNT,https://www.thehindu.com/sci-tech/science/meteor-explodes-over-us-with-blast-in-massachusetts/article71043699.ece,Science,3,"Sunday, 31st May 2026",2026-05-31T07:41:22+05:30
‘India needs to expand the quantum of community health workers’,https://www.thehindu.com/sci-tech/health/india-needs-to-expand-the-quantum-of-community-health-workers/article71042123.ece,premium,3,"Sunday, 31st May 2026",2026-05-31T07:24:27+05:30
Israel-Iran war LIVE: Iran chief negotiator says no deal with U.S. until Iranian rights secured,https://www.thehindu.com/news/international/iran-israel-live-strait-of-hormuz-updates-trump-us-iran-deal-may-31-2026/article71043697.ece,World,3,"Sunday, 31st May 2026",2026-05-31T07:24:07+05:30
Women live longer but spend more of those years with illness,https://www.thehindu.com/data/women-live-longer-but-spend-more-of-those-years-with-illness/article71041233.ece,premium,3,"Sunday, 31st May 2026",2026-05-31T07:00:00+05:30
Delhi High Court’s pathbreaking ruling on Google keyword advertising | Explained,https://www.thehindu.com/sci-tech/technology/delhi-high-court-pathbreaking-ruling-on-google-keyword-advertising/article71043694.ece,premium,3,"Sunday, 31st May 2026",2026-05-31T06:55:04+05:30
How the cereal flakes came to be,https://www.thehindu.com/sci-tech/science/how-the-cereal-flakes-came-to-be/article71009159.ece,premium,3,"Sunday, 31st May 2026",2026-05-31T06:54:00+05:30
"Morning Digest: D.K. Shivakumar to be new Karnataka CM; PSG edge Arsenal on penalties to retain Champions League title, and more",https://www.thehindu.com/news/morning-digest-may-31-2026/article71042806.ece,News,3,"Sunday, 31st May 2026",2026-05-31T06:32:31+05:30
Not all immigrants will have to leave U.S. to seek green cards: Report,https://www.thehindu.com/news/international/not-all-immigrants-will-have-to-leave-us-to-seek-green-cards-report/article71043692.ece,World,3,"Sunday, 31st May 2026",2026-05-31T06:30:25+05:30
Kemp stars as England beat India by 26 runs to level three-match series 1-1,https://www.thehindu.com/sport/cricket/kemp-stars-as-england-beat-india-by-26-runs-to-level-three-match-series-1-1/article71042659.ece,Cricket,3,"Sunday, 31st May 2026",2026-05-31T05:40:00+05:30
Father shoots son for attacking his mother in Mamallapuram,https://www.thehindu.com/news/cities/chennai/father-shoots-son-for-attacking-his-mother-in-mamallapuram/article71041769.ece,Chennai,3,"Sunday, 31st May 2026",2026-05-31T05:30:00+05:30
DMK holds meeting to mobilise ‘Gen Z’,https://www.thehindu.com/news/national/future-holds-hope-says-mk-stalin-about-gen-z-dmk-meeting/article71042587.ece,India,3,"Sunday, 31st May 2026",2026-05-31T05:30:00+05:30
Tangedo removes wooden pole supporting low-lying electrical lines in Tiruvannamalai,https://www.thehindu.com/news/national/tamil-nadu/tangedo-removes-wooden-pole-supporting-low-lying-electrical-lines-in-tiruvannamalai/article71041838.ece,Tamil Nadu,3,"Sunday, 31st May 2026",2026-05-31T05:30:00+05:30
Residents complain about delay in completing civic infrastructure projects in the city,https://www.thehindu.com/news/cities/chennai/residents-complain-about-delay-in-completing-civic-infrastructure-projects-in-the-city/article71041949.ece,Chennai,3,"Sunday, 31st May 2026",2026-05-31T05:30:00+05:30
The Sulur horror story of child sexual assault and murder,https://www.thehindu.com/news/national/tamil-nadu/the-sulur-horror-story-of-child-sexual-assault-and-murder-in-tn-coimbatore-may-2026/article71042444.ece,premium,3,"Sunday, 31st May 2026",2026-05-31T05:30:00+05:30
This land is your land,https://www.thehindu.com/opinion/open-page/this-land-is-your-land/article71015180.ece,premium,4,"Sunday, 31st May 2026",2026-05-31T05:10:00+05:30
Venezuela’s Opposition candidate Edmundo González calls for Presidential elections,https://www.thehindu.com/news/international/venezuelas-opposition-candidate-edmundo-gonzalez-calls-for-presidential-elections/article71042718.ece,World,4,"Sunday, 31st May 2026",2026-05-31T05:00:00+05:30
Hurdles for women on the road,https://www.thehindu.com/opinion/open-page/hurdles-for-women-on-the-road/article71015367.ece,premium,4,"Sunday, 31st May 2026",2026-05-31T04:55:00+05:30
Satwik-Chirag upset world champion Korean pair to book Singapore Open final berth,https://www.thehindu.com/sport/satwik-chirag-upset-world-champion-korean-pair-to-book-singapore-open-final-berth/article71042647.ece,Sport,4,"Sunday, 31st May 2026",2026-05-31T04:40:00+05:30
"Recovery, reflection, and the larger truth",https://www.thehindu.com/opinion/open-page/recovery-reflection-and-the-larger-truth/article71014820.ece,premium,4,"Sunday, 31st May 2026",2026-05-31T04:40:00+05:30
Chennai by cycle,https://www.thehindu.com/opinion/open-page/chennai-by-cycle/article71034824.ece,premium,4,"Sunday, 31st May 2026",2026-05-31T04:25:00+05:30
Soft glow,https://www.thehindu.com/opinion/open-page/soft-glow/article71034818.ece,premium,4,"Sunday, 31st May 2026",2026-05-31T04:10:00+05:30
France detains hundreds after violent clashes as Paris Saint-German won Champions League,https://www.thehindu.com/news/international/paris-police-detain-45-after-violence-erupts-during-celebrations-of-psgs-champions-league-title/article71042807.ece,World,4,"Sunday, 31st May 2026",2026-05-31T03:50:09+05:30
There is much in a name,https://www.thehindu.com/opinion/open-page/there-is-much-in-a-name/article71034814.ece,premium,4,"Sunday, 31st May 2026",2026-05-31T03:50:00+05:30
"Uttar Pradesh police warn of growing hybrid cybercrime threat, stress public awareness",https://www.thehindu.com/news/national/uttar-pradesh/uttar-pradesh-police-warn-of-growing-hybrid-cybercrime-threat-stress-public-awareness/article71042340.ece,Uttar Pradesh,4,"Sunday, 31st May 2026",2026-05-31T03:40:00+05:30
Bihar government suspends two IAS officers over corruption charges,https://www.thehindu.com/news/national/bihar/bihar-government-suspends-two-ias-officers-over-corruption-charges/article71041948.ece,Bihar,4,"Sunday, 31st May 2026",2026-05-31T03:40:00+05:30
Living a full life,https://www.thehindu.com/opinion/open-page/living-a-full-life/article71034809.ece,premium,4,"Sunday, 31st May 2026",2026-05-31T03:33:00+05:30
"India wins three gold on Day 3, remains at second spot in medal table",https://www.thehindu.com/sport/india-wins-three-gold-on-day-3-remains-at-second-spot-in-medal-table/article71042665.ece,Sport,4,"Sunday, 31st May 2026",2026-05-31T03:00:00+05:30
"Drone attack struck turbine building at Ukraine's Zaporizhzhia nuclear plant, IAEA says",https://www.thehindu.com/news/international/drone-attack-struck-turbine-building-at-ukraines-zaporizhzhia-nuclear-plant-iaea-says/article71042720.ece,World,4,"Sunday, 31st May 2026",2026-05-31T02:39:20+05:30
Lebanon PM denounces Israeli campaign as fresh strikes hit south,https://www.thehindu.com/news/international/lebanon-pm-denounces-israeli-campaign-as-fresh-strikes-hit-south/article71042707.ece,World,4,"Sunday, 31st May 2026",2026-05-31T02:20:00+05:30
Why is CBSE’s evaluation system facing flak? | Explained,https://www.thehindu.com/education/why-is-cbses-evaluation-system-facing-flak/article71042223.ece,premium,4,"Sunday, 31st May 2026",2026-05-31T02:00:00+05:30
Kochi sailor who endured Equatorial Guinea’s detention feels relieved with international tribunal’s verdict,https://www.thehindu.com/news/national/kerala/kochi-sailor-who-endured-equatorial-guineas-detention-feels-relieved-with-international-tribunals-verdict/article71042525.ece,Kerala,4,"Sunday, 31st May 2026",2026-05-31T01:43:38+05:30
Oppn. accuses Kochi Mayor of ‘abuse of power’ over extension of biomining agreement,https://www.thehindu.com/news/national/kerala/oppn-accuses-kochi-mayor-of-abuse-of-power-over-extension-of-biomining-agreement/article71041924.ece,Kerala,4,"Sunday, 31st May 2026",2026-05-31T01:41:39+05:30
Audit of fundamental rights’ effectiveness could yield ‘uncomfortable’ findings:  J. Chelameswar,https://www.thehindu.com/news/national/kerala/audit-of-fundamental-rights-effectiveness-could-yield-uncomfortable-findings-j-chelameswar/article71041751.ece,Kerala,4,"Sunday, 31st May 2026",2026-05-31T01:40:27+05:30
D.K. Shivakumar | ‘Rock’ of Congress,https://www.thehindu.com/news/national/karnataka/dk-shivakumar-rock-of-congress/article71042513.ece,premium,4,"Sunday, 31st May 2026",2026-05-31T01:40:00+05:30
Kochi metro worksite accident: SHRC registers suo motu case,https://www.thehindu.com/news/national/kerala/metro-worksite-accident-shrc-registers-suo-motu-case/article71041657.ece,Kerala,4,"Sunday, 31st May 2026",2026-05-31T01:38:59+05:30
Kochi Corpn. to seek explanation from LED streetlight contractor,https://www.thehindu.com/news/national/kerala/kochi-corpn-to-seek-explanation-from-ledstreetlightcontractor/article71041564.ece,Kerala,4,"Sunday, 31st May 2026",2026-05-31T01:36:45+05:30
"Malls, e-commerce hit school accessories market hard",https://www.thehindu.com/news/national/kerala/malls-e-commerce-hit-school-accessories-market-hard/article71041556.ece,Kerala,4,"Sunday, 31st May 2026",2026-05-31T01:34:36+05:30
Hormuz | The strait where America stalled,https://www.thehindu.com/profile/hormuz-the-strait-where-america-stalled/article71042506.ece,premium,4,"Sunday, 31st May 2026",2026-05-31T01:30:00+05:30
PSG wins back-to-back Champions League titles after shootout victory against Arsenal,https://www.thehindu.com/sport/psg-wins-back-to-back-champions-league-titles-after-shootout-victory-against-arsenal/article71042699.ece,Sport,4,"Sunday, 31st May 2026",2026-05-31T01:09:08+05:30
Pep Guardiola | The manager who stood tall,https://www.thehindu.com/sport/football/pep-guardiola-the-manager-who-stood-tall/article71042521.ece,premium,4,"Sunday, 31st May 2026",2026-05-31T01:00:00+05:30
Illegal gambling racket busted at private hotel in Teynampet,https://www.thehindu.com/news/cities/chennai/illegal-gambling-racket-busted-at-private-hotel-in-teynampet/article71041402.ece,Chennai,4,"Sunday, 31st May 2026",2026-05-31T00:53:13+05:30
TVK functionary expelled after assault allegation at demolition site near Tambaram,https://www.thehindu.com/news/cities/chennai/tvk-functionary-expelled-after-assault-allegation-at-demolition-site-near-tambaram/article71041470.ece,Chennai,4,"Sunday, 31st May 2026",2026-05-31T00:52:45+05:30
Doctors remove 2.8 kg enlarged spleen from 23-year-old woman,https://www.thehindu.com/news/cities/chennai/doctors-remove-28-kg-enlarged-spleen-from-23-year-old-woman/article71041732.ece,Chennai,4,"Sunday, 31st May 2026",2026-05-31T00:51:59+05:30
Police trace missing phone in few hours,https://www.thehindu.com/news/cities/chennai/police-trace-missing-phone-in-few-hours/article71041719.ece,Chennai,4,"Sunday, 31st May 2026",2026-05-31T00:51:46+05:30
SCARF’s Youth Mental Health department completes five years,https://www.thehindu.com/news/cities/chennai/scarfs-youth-mental-health-department-completes-five-years/article71041661.ece,Chennai,4,"Sunday, 31st May 2026",2026-05-31T00:51:15+05:30
Missing five-year-old girl reunited with parents at Chennai Egmore station,https://www.thehindu.com/news/cities/chennai/missing-five-year-old-girl-reunited-with-parents-at-chennai-egmore-station/article71041533.ece,Chennai,4,"Sunday, 31st May 2026",2026-05-31T00:49:27+05:30
"Rally held to raise awareness on menstrual, sexual and reproductive health rights",https://www.thehindu.com/news/cities/chennai/rally-held-to-raise-awareness-on-menstrual-sexual-and-reproductive-health-rights/article71041658.ece,Chennai,4,"Sunday, 31st May 2026",2026-05-31T00:48:41+05:30
Chennai’s Nisha Sasikumar scales Mt. Everest at 16,https://www.thehindu.com/news/cities/chennai/chennais-nisha-sasikumar-scales-mt-everest-at-16/article71041731.ece,Chennai,4,"Sunday, 31st May 2026",2026-05-31T00:47:17+05:30
Noida protests: U.P. STF ‘picks up’ 2 DU students; 1 released,https://www.thehindu.com/news/cities/Delhi/noida-protests-up-stf-picks-up-2-du-students-1-released/article71042651.ece,Delhi,4,"Sunday, 31st May 2026",2026-05-31T00:47:11+05:30
Delhi sets up six-member committee ahead of Kanwar Yatra,https://www.thehindu.com/news/cities/Delhi/delhi-sets-up-six-member-committee-ahead-of-kanwar-yatra/article71042206.ece,Delhi,4,"Sunday, 31st May 2026",2026-05-31T00:47:06+05:30
"Building collapses near Saket metro station; 8 persons rescued, several feared trapped",https://www.thehindu.com/news/cities/Delhi/building-collapses-near-saket-metro-station-8-persons-rescued-several-feared-trapped/article71042669.ece,Delhi,4,"Sunday, 31st May 2026",2026-05-31T00:46:55+05:30
Siege Storm and D’artagnan may fight out the finish of the Bangalore Turf Club Karnataka Juvenile Million,https://www.thehindu.com/sport/races/siege-storm-and-dartagnan-may-fight-out-the-finish-of-the-bangalore-turf-club-karnataka-juvenile-million/article71041631.ece,Races,4,"Sunday, 31st May 2026",2026-05-31T00:46:00+05:30
Policeman accused of sexual assault on minor boy dismissed,https://www.thehindu.com/news/cities/chennai/policeman-accused-of-sexual-assault-on-minor-boy-dismissed/article71041309.ece,Chennai,4,"Sunday, 31st May 2026",2026-05-31T00:45:57+05:30
‘Ensure prompt CSR issuance at police stations’,https://www.thehindu.com/news/cities/chennai/ensure-prompt-csr-issuance-at-police-stations/article71041368.ece,Chennai,4,"Sunday, 31st May 2026",2026-05-31T00:44:28+05:30
Why is India pushing for coal gasification? | Explained,https://www.thehindu.com/business/Economy/why-is-india-pushing-for-coal-gasification/article71042276.ece,premium,4,"Sunday, 31st May 2026",2026-05-31T00:40:00+05:30
Kauvery Hospital inaugurates speciality OPD at AVM Studio campus,https://www.thehindu.com/news/cities/chennai/kauvery-hospital-inaugurates-speciality-opd-at-avm-studio-campus/article71041827.ece,Chennai,4,"Sunday, 31st May 2026",2026-05-31T00:38:55+05:30
Stakeholders consultation held in city to mark World No Tobacco Day,https://www.thehindu.com/news/cities/chennai/stakeholders-consultation-held-in-city-to-mark-world-no-tobacco-day/article71042142.ece,Chennai,4,"Sunday, 31st May 2026",2026-05-31T00:36:26+05:30
"Chennai airport slips to sixth spot in passenger traffic, falling behind Kolkata airport",https://www.thehindu.com/news/cities/chennai/chennai-airport-slips-to-sixth-spot-in-passenger-traffic-falling-behind-kolkata-airport/article71041483.ece,PORT CALL,4,"Sunday, 31st May 2026",2026-05-31T00:36:21+05:30
Two film producers booked for harassing woman member of T.N. producers’ council,https://www.thehindu.com/news/cities/chennai/two-film-producers-booked-for-harassing-woman-member-of-tn-producers-council/article71041446.ece,Chennai,4,"Sunday, 31st May 2026",2026-05-31T00:35:17+05:30
Protest breaks out over alleged irregularities in flat allotment,https://www.thehindu.com/news/cities/chennai/protest-breaks-out-over-alleged-irregularities-in-flat-allotment/article71041630.ece,Chennai,4,"Sunday, 31st May 2026",2026-05-31T00:34:08+05:30
"Loss of in-service super speciality seats will derail T.N.’s public healthcare, say doctors",https://www.thehindu.com/news/cities/chennai/loss-of-in-service-super-speciality-seats-will-derail-tns-public-healthcare-say-doctors/article71042369.ece,Chennai,4,"Sunday, 31st May 2026",2026-05-31T00:32:50+05:30
Sood: govt. schools directed to improve learning outcomes,https://www.thehindu.com/news/cities/Delhi/sood-govt-schools-directed-to-improve-learning-outcomes/article71042664.ece,Delhi,4,"Sunday, 31st May 2026",2026-05-31T00:31:59+05:30
Haryana assures additional supply to Delhi amid deepening water woes,https://www.thehindu.com/news/cities/Delhi/haryana-assures-additional-supply-to-delhi-amid-deepening-water-woes/article71042657.ece,Delhi,4,"Sunday, 31st May 2026",2026-05-31T00:26:44+05:30
Defending champion Gauff eliminated from French Open by Potapova,https://www.thehindu.com/sport/defending-champion-gauff-eliminated-from-french-open-by-potapova/article71042634.ece,Sport,4,"Sunday, 31st May 2026",2026-05-31T00:20:00+05:30
"Firing incident indicates deteriorating law and order, says Pralhad Joshi",https://www.thehindu.com/news/national/karnataka/firing-incident-indicates-deteriorating-law-and-order-says-pralhad-joshi/article71042217.ece,Karnataka,5,"Sunday, 31st May 2026",2026-05-30T23:21:48+05:30
"Ahead of possible Cabinet reshuffle, community representatives back their leaders for top posts",https://www.thehindu.com/news/national/karnataka/ahead-of-possible-cabinet-reshuffle-community-representatives-back-their-leaders-for-top-posts/article71042096.ece,Karnataka,5,"Sunday, 31st May 2026",2026-05-30T23:17:23+05:30
Congress will face setback in 2028 Assembly elections: Former BJP MLA Narasimha Naik,https://www.thehindu.com/news/national/karnataka/congress-will-face-setback-in-2028-assembly-elections-former-bjp-mla-narasimha-naik/article71041874.ece,Karnataka,5,"Sunday, 31st May 2026",2026-05-30T23:13:10+05:30
Union Minister lauds Brandix role in women’s empowerment,https://www.thehindu.com/news/cities/Visakhapatnam/union-minister-lauds-brandix-role-in-womens-empowerment/article71042422.ece,Visakhapatnam,5,"Sunday, 31st May 2026",2026-05-30T23:06:38+05:30
Ukraine keeps up assault on Russian oil sites as Kyiv expects more strikes,https://www.thehindu.com/news/international/ukraine-keeps-up-assault-on-russian-oil-sites-as-kyiv-expects-more-strikes/article71042488.ece,World,5,"Sunday, 31st May 2026",2026-05-30T22:53:45+05:30
"Over 3,000 tree and branch fall incidents reported across Bengaluru in a month",https://www.thehindu.com/news/cities/bangalore/over-3000-tree-and-branch-fall-incidents-reported-across-bengaluru-in-a-month/article71042484.ece,Bengaluru,5,"Sunday, 31st May 2026",2026-05-30T22:45:20+05:30
Bengaluru traffic constable’s act of kindness amid flooded road wins hearts online in viral video,https://www.thehindu.com/news/cities/bangalore/traffic-constables-act-of-kindness-amid-flooded-road-wins-hearts-online/article71042485.ece,Bengaluru,5,"Sunday, 31st May 2026",2026-05-30T22:42:55+05:30
State Formation Day celebrations to begin early,https://www.thehindu.com/news/national/telangana/state-formation-day-celebrations-to-begin-early/article71042524.ece,Telangana,5,"Sunday, 31st May 2026",2026-05-30T22:39:56+05:30
‘Red alert’ in Bengaluru: City gripped by IPL final fever as RCB looks for second consecutive win,https://www.thehindu.com/news/cities/bangalore/red-alert-in-bengaluru-city-gripped-by-ipl-final-fever-as-rcb-looks-for-second-consecutive-win/article71042164.ece,Bengaluru,5,"Sunday, 31st May 2026",2026-05-30T22:38:28+05:30
NEET paper leak: Court extends Hawaldar's CBI custody by two days; remands Mandhare to judicial custody,https://www.thehindu.com/news/national/neet-paper-leak-court-extends-hawaldars-cbi-custody-by-two-days-remands-mandhare-to-judicial-custody/article71042296.ece,India,5,"Sunday, 31st May 2026",2026-05-30T22:30:09+05:30
Madurai Corporation Commissioner transferred to GCC,https://www.thehindu.com/news/cities/Madurai/corporation-commissioner-transferred/article71042522.ece,Madurai,5,"Sunday, 31st May 2026",2026-05-30T22:27:12+05:30
A teacher’s legacy:from classrooms to canopies,https://www.thehindu.com/news/cities/chennai/a-teachers-legacyfrom-classrooms-to-canopies/article71042497.ece,Chennai,5,"Sunday, 31st May 2026",2026-05-30T22:19:46+05:30
West Bengal Cabinet expansion on June 1,https://www.thehindu.com/news/national/west-bengal/west-bengal-cabinet-expansion-on-june-1/article71042329.ece,West Bengal,5,"Sunday, 31st May 2026",2026-05-30T22:15:25+05:30
"Vietnam to release nearly 10,000 prisoners",https://www.thehindu.com/news/international/vietnam-to-release-nearly-10000-prisoners-in-election-linked-amnesty/article71041188.ece,World,5,"Sunday, 31st May 2026",2026-05-30T22:14:09+05:30
"India’s scientific knowledge predates Persia, brought West out of Stone Age: Jammu and Kashmir Lt. Governor",https://www.thehindu.com/news/national/jammu-and-kashmir/indias-scientific-knowledge-predates-persia-brought-west-out-of-stone-age-jammu-and-kashmir-lt-governor/article71042138.ece,Jammu and Kashmir,5,"Sunday, 31st May 2026",2026-05-30T22:13:39+05:30
"Philippines remains under threat from China despite Trump-Xi summit, Minister says",https://www.thehindu.com/news/international/philippines-remains-under-severe-threat-from-china-despite-trump-xi-summit/article71041495.ece,World,5,"Sunday, 31st May 2026",2026-05-30T22:12:43+05:30
Revenue and police remove encroachment in waterbody as per HC directive in Virudhunagar district,https://www.thehindu.com/news/cities/Madurai/revenue-and-police-remove-encroachment-in-waterbody-as-per-hc-directive-in-virudhunagar-district/article71042382.ece,Madurai,5,"Sunday, 31st May 2026",2026-05-30T22:10:25+05:30
Telangana launches weather advisory initiative to help farmers,https://www.thehindu.com/news/national/telangana/telangana-launches-weather-advisory-initiative-to-help-farmers/article71042447.ece,Telangana,5,"Sunday, 31st May 2026",2026-05-30T22:03:06+05:30
"Do quality test for potable water regularly, TWAD Board MD tells Municipal engineers in Virudhunagar district",https://www.thehindu.com/news/cities/Madurai/do-quality-test-for-potable-water-regularly-twad-board-md-tells-municipal-engineers-in-virudhunagar-district/article71042260.ece,Madurai,5,"Sunday, 31st May 2026",2026-05-30T22:02:45+05:30
Permanent Pictorial Cancellation released on occasion of Vaikasi Visakam,https://www.thehindu.com/news/cities/Madurai/permanent-pictorial-cancellation-released-on-occasion-of-vaikasi-visakam/article71042448.ece,Madurai,5,"Sunday, 31st May 2026",2026-05-30T22:00:38+05:30
Fair electoral rolls lead to fair polls: CEC,https://www.thehindu.com/news/national/fair-electoral-rolls-lead-to-fair-polls-cec/article71042152.ece,India,5,"Sunday, 31st May 2026",2026-05-30T21:59:22+05:30
"Four in 10 cancer cases in Karnataka linked to tobacco use, shows Kidwai data",https://www.thehindu.com/news/national/karnataka/four-in-10-cancer-cases-in-karnataka-linked-to-tobacco-use-shows-kidwai-data/article71042109.ece,Karnataka,5,"Sunday, 31st May 2026",2026-05-30T21:58:46+05:30
"White Paper on State’s finances in two weeks, says Minister",https://www.thehindu.com/news/cities/Tiruchirapalli/white-paper-on-states-finances-in-two-weeks-says-minister/article71041920.ece,Tiruchirapalli,5,"Sunday, 31st May 2026",2026-05-30T21:57:46+05:30
"Over 9,400 people visited ‘Nanna e-Khata, Nanna Hakku’ campaign in three weeks",https://www.thehindu.com/news/cities/bangalore/over-9400-people-visited-nanna-e-khata-nanna-hakku-campaign-in-three-weeks/article71042219.ece,Bengaluru,5,"Sunday, 31st May 2026",2026-05-30T21:55:59+05:30
63% students pass SSLC exam-2,https://www.thehindu.com/news/national/karnataka/63-students-pass-sslc-exam-2/article71041783.ece,Karnataka,5,"Sunday, 31st May 2026",2026-05-30T21:53:23+05:30
Durai Vaiko reviews work on overbridges in Pudukottai district,https://www.thehindu.com/news/cities/Tiruchirapalli/durai-vaiko-holds-reviews-work-on-overbridges-in-pudukottai-district/article71041977.ece,Tiruchirapalli,5,"Sunday, 31st May 2026",2026-05-30T21:52:39+05:30
A.P. primary teachers body elects new office-bearers,https://www.thehindu.com/news/national/andhra-pradesh/ap-primary-teachers-body-elects-new-office-bearers/article71042237.ece,Andhra Pradesh,5,"Sunday, 31st May 2026",2026-05-30T21:51:49+05:30
Minister’s assurance on infrastructure improvement in Madurai,https://www.thehindu.com/news/cities/Madurai/ministers-assurance-on-infrastructure-improvement-in-madurai/article71042285.ece,Madurai,5,"Sunday, 31st May 2026",2026-05-30T21:49:29+05:30
Private bus operators go on flash strike in Tiruchi,https://www.thehindu.com/news/cities/Tiruchirapalli/private-bus-operators-go-on-flash-strike-in-tiruchi/article71042025.ece,Tiruchirapalli,5,"Sunday, 31st May 2026",2026-05-30T21:46:34+05:30
India all-rounder Nitish Reddy trains with APL team in Vizianagaram,https://www.thehindu.com/news/cities/Visakhapatnam/team-india-all-rounder-nitish-reddy-trains-with-apl-teams-in-vizianagaram/article71041821.ece,Visakhapatnam,5,"Sunday, 31st May 2026",2026-05-30T21:45:08+05:30
"No free services for IPL final, clarifies BMRCL",https://www.thehindu.com/news/cities/bangalore/no-free-services-on-ipl-final-clarifies-bmrcl/article71042262.ece,Bengaluru,5,"Sunday, 31st May 2026",2026-05-30T21:44:17+05:30
"Building collapses near Saket metro station; 8 persons rescued, several feared trapped",https://www.thehindu.com/news/cities/Delhi/delhi-building-collapse-saket-metro-station-rescue-efforts-updates/article71042364.ece,Delhi,5,"Sunday, 31st May 2026",2026-05-30T21:43:45+05:30
Ministers statements on paddy procurement run contrary to ground reality: BJP State chief N. Ramchander Rao,https://www.thehindu.com/news/national/telangana/ministers-statements-on-paddy-procurement-run-contrary-to-ground-reality-bjp-state-chief-n-ramchander-rao/article71042252.ece,Telangana,5,"Sunday, 31st May 2026",2026-05-30T21:43:11+05:30
CBI arrests nominated Member of Cantonment Board on graft charge,https://www.thehindu.com/news/national/cbi-arrests-nominated-member-of-cantonment-board-on-graft-charge/article71041609.ece,India,5,"Sunday, 31st May 2026",2026-05-30T21:42:05+05:30
New office-bearers assume charge at CREDAI Tiruchi chapter,https://www.thehindu.com/news/cities/Tiruchirapalli/new-office-bearers-assume-charge-at-credai-tiruchi-chapter/article71042235.ece,Tiruchirapalli,5,"Sunday, 31st May 2026",2026-05-30T21:41:38+05:30
Three juveniles among eight held for armed attack at Nettur in Tenkasi district,https://www.thehindu.com/news/cities/Madurai/three-juveniles-among-eight-held-for-armed-attack-at-nettur-in-tenkasi-district/article71042304.ece,Madurai,5,"Sunday, 31st May 2026",2026-05-30T21:39:20+05:30
‘Foundation stone very soon for Jindal mega industrial park’,https://www.thehindu.com/news/national/andhra-pradesh/foundation-stone-very-soon-for-jindal-mega-industrial-park/article71042119.ece,Andhra Pradesh,5,"Sunday, 31st May 2026",2026-05-30T21:38:37+05:30
Three killed as car crashes into parked lorry near Nagercoil,https://www.thehindu.com/news/cities/Madurai/three-killed-as-car-crashes-into-parked-lorry-near-nagercoil/article71042215.ece,Madurai,5,"Sunday, 31st May 2026",2026-05-30T21:38:32+05:30
Government unveils AI-enabled chatbot to help people lodge complaints,https://www.thehindu.com/news/national/government-unveils-ai-enabled-chatbot-to-help-people-lodge-complaints/article71041867.ece,India,5,"Sunday, 31st May 2026",2026-05-30T21:37:39+05:30
Massive dust storm sweeps through Rajasthan,https://www.thehindu.com/shorts/watch-massive-dust-storm-sweeps-through-rajasthan/article71042371.ece,Shorts,5,"Sunday, 31st May 2026",2026-05-30T21:37:29+05:30
"S.G. Siddaramaiah, actor Jayamala among honorary doctorate awardees of Nrupathunga University",https://www.thehindu.com/news/national/karnataka/sg-siddaramaiah-actor-jayamala-among-honorary-doctorate-awardees-of-nrupathunga-university/article71042125.ece,Karnataka,5,"Sunday, 31st May 2026",2026-05-30T21:36:41+05:30
"Cyberabad civic body nod for 45-metre Ameenpur Kaman–Gandhi Statue road, 30-metre JJ Nagar–Kompally road",https://www.thehindu.com/news/cities/Hyderabad/cyberabad-civic-body-nod-for-45-metre-ameenpur-kamangandhi-statue-road-30-metre-jj-nagarkompally-road/article71042203.ece,Hyderabad,5,"Sunday, 31st May 2026",2026-05-30T21:36:13+05:30
Watch: D.K. Shivakumar meets Karnataka Governor Gehlot,https://www.thehindu.com/shorts/watch-dk-shivakumar-meets-karnataka-governor-gehlot/article71042365.ece,Shorts,5,"Sunday, 31st May 2026",2026-05-30T21:33:21+05:30
Watch: Four men freed from flooded cave in Laos,https://www.thehindu.com/shorts/watch-four-men-freed-from-flooded-cave-in-laos/article71042355.ece,Shorts,5,"Sunday, 31st May 2026",2026-05-30T21:31:11+05:30
"Watch: Over 1.2 million join Cockroach Janta Party, says founder Abhijeet Dipke",https://www.thehindu.com/videos/watch-over-12-million-join-cockroach-janta-party-says-founder-abhijeet-dipke/article71042350.ece,Videos,5,"Sunday, 31st May 2026",2026-05-30T21:29:05+05:30
South Coast Railway zone set to commence operations from Visakhapatnam on June 1,https://www.thehindu.com/news/cities/Visakhapatnam/south-coast-railway-zone-set-to-commence-operations-from-visakhapatnam-on-june-1/article71042132.ece,Visakhapatnam,5,"Sunday, 31st May 2026",2026-05-30T21:23:04+05:30
Investor’s alleged self-immolation sparks off political row in Kozhikode,https://www.thehindu.com/news/national/kerala/investors-alleged-self-immolation-sparks-off-political-row-in-kozhikode/article71041974.ece,Kerala,5,"Sunday, 31st May 2026",2026-05-30T21:22:41+05:30
SIHM will be readied by August in Uppada: Kakinada MP,https://www.thehindu.com/news/national/andhra-pradesh/sihm-will-be-readied-by-august-in-uppada-kakinada-mp/article71041923.ece,Andhra Pradesh,5,"Sunday, 31st May 2026",2026-05-30T21:22:01+05:30
Generali Central Life Insurance eyes higher growth trajectory,https://www.thehindu.com/business/generali-central-life-insurance-eyes-higher-growth-trajectory/article71042291.ece,Business,5,"Sunday, 31st May 2026",2026-05-30T21:18:05+05:30
"NIMS launches advanced cancer genomics centre, first in Telangana’s government sector",https://www.thehindu.com/news/cities/Hyderabad/nims-launches-advanced-cancer-genomics-centre-first-in-telanganas-government-sector/article71041805.ece,Hyderabad,5,"Sunday, 31st May 2026",2026-05-30T21:17:40+05:30
‘Foundation stone very soon for Jindal mega industrial park’,https://www.thehindu.com/news/national/andhra-pradesh/foundation-stone-very-soon-for-jindal-mega-industrial-park/article71042119.ece,Andhra Pradesh,6,"Sunday, 31st May 2026",2026-05-30T21:38:37+05:30
Three killed as car crashes into parked lorry near Nagercoil,https://www.thehindu.com/news/cities/Madurai/three-killed-as-car-crashes-into-parked-lorry-near-nagercoil/article71042215.ece,Madurai,6,"Sunday, 31st May 2026",2026-05-30T21:38:32+05:30
Government unveils AI-enabled chatbot to help people lodge complaints,https://www.thehindu.com/news/national/government-unveils-ai-enabled-chatbot-to-help-people-lodge-complaints/article71041867.ece,India,6,"Sunday, 31st May 2026",2026-05-30T21:37:39+05:30
Massive dust storm sweeps through Rajasthan,https://www.thehindu.com/shorts/watch-massive-dust-storm-sweeps-through-rajasthan/article71042371.ece,Shorts,6,"Sunday, 31st May 2026",2026-05-30T21:37:29+05:30
"S.G. Siddaramaiah, actor Jayamala among honorary doctorate awardees of Nrupathunga University",https://www.thehindu.com/news/national/karnataka/sg-siddaramaiah-actor-jayamala-among-honorary-doctorate-awardees-of-nrupathunga-university/article71042125.ece,Karnataka,6,"Sunday, 31st May 2026",2026-05-30T21:36:41+05:30
"Cyberabad civic body nod for 45-metre Ameenpur Kaman–Gandhi Statue road, 30-metre JJ Nagar–Kompally road",https://www.thehindu.com/news/cities/Hyderabad/cyberabad-civic-body-nod-for-45-metre-ameenpur-kamangandhi-statue-road-30-metre-jj-nagarkompally-road/article71042203.ece,Hyderabad,6,"Sunday, 31st May 2026",2026-05-30T21:36:13+05:30
Watch: D.K. Shivakumar meets Karnataka Governor Gehlot,https://www.thehindu.com/shorts/watch-dk-shivakumar-meets-karnataka-governor-gehlot/article71042365.ece,Shorts,6,"Sunday, 31st May 2026",2026-05-30T21:33:21+05:30
Watch: Four men freed from flooded cave in Laos,https://www.thehindu.com/shorts/watch-four-men-freed-from-flooded-cave-in-laos/article71042355.ece,Shorts,6,"Sunday, 31st May 2026",2026-05-30T21:31:11+05:30
"Watch: Over 1.2 million join Cockroach Janta Party, says founder Abhijeet Dipke",https://www.thehindu.com/videos/watch-over-12-million-join-cockroach-janta-party-says-founder-abhijeet-dipke/article71042350.ece,Videos,6,"Sunday, 31st May 2026",2026-05-30T21:29:05+05:30
South Coast Railway zone set to commence operations from Visakhapatnam on June 1,https://www.thehindu.com/news/cities/Visakhapatnam/south-coast-railway-zone-set-to-commence-operations-from-visakhapatnam-on-june-1/article71042132.ece,Visakhapatnam,6,"Sunday, 31st May 2026",2026-05-30T21:23:04+05:30
Investor’s alleged self-immolation sparks off political row in Kozhikode,https://www.thehindu.com/news/national/kerala/investors-alleged-self-immolation-sparks-off-political-row-in-kozhikode/article71041974.ece,Kerala,6,"Sunday, 31st May 2026",2026-05-30T21:22:41+05:30
SIHM will be readied by August in Uppada: Kakinada MP,https://www.thehindu.com/news/national/andhra-pradesh/sihm-will-be-readied-by-august-in-uppada-kakinada-mp/article71041923.ece,Andhra Pradesh,6,"Sunday, 31st May 2026",2026-05-30T21:22:01+05:30
Generali Central Life Insurance eyes higher growth trajectory,https://www.thehindu.com/business/generali-central-life-insurance-eyes-higher-growth-trajectory/article71042291.ece,Business,6,"Sunday, 31st May 2026",2026-05-30T21:18:05+05:30
"NIMS launches advanced cancer genomics centre, first in Telangana’s government sector",https://www.thehindu.com/news/cities/Hyderabad/nims-launches-advanced-cancer-genomics-centre-first-in-telanganas-government-sector/article71041805.ece,Hyderabad,6,"Sunday, 31st May 2026",2026-05-30T21:17:40+05:30
Five feared drowned in Tungabhadra at Mantralayam of A.P.,https://www.thehindu.com/news/national/andhra-pradesh/five-feared-drowned-in-tungabhadra-at-mantralayam-of-ap/article71042245.ece,Andhra Pradesh,6,"Sunday, 31st May 2026",2026-05-30T21:12:15+05:30
Finmin gives “cautious resilience” outlook as inflation fears loom,https://www.thehindu.com/business/finmin-gives-cautious-resilience-outlook-as-inflation-fears-loom/article71042166.ece,Business,6,"Sunday, 31st May 2026",2026-05-30T21:09:18+05:30
Transporters pause operations in Manipur in protest against trucker’s killing,https://www.thehindu.com/news/national/manipur/transporters-pause-operations-in-manipur-in-protest-against-truckers-killing/article71042021.ece,Manipur,6,"Sunday, 31st May 2026",2026-05-30T21:06:38+05:30
"No plans to privatise APSRTC, assures Transport Minister",https://www.thehindu.com/news/national/andhra-pradesh/no-plans-to-privatise-apsrtc-assures-transport-minister/article71041834.ece,Andhra Pradesh,6,"Sunday, 31st May 2026",2026-05-30T21:04:39+05:30
Government prioritises human life and property: Forest Minister Shibu Baby John,https://www.thehindu.com/news/national/kerala/government-prioritises-human-life-and-property-forest-minister-shibu-baby-john/article71041903.ece,Kerala,6,"Sunday, 31st May 2026",2026-05-30T21:03:21+05:30
Sivaguru Prabhakaran appointed as Ramanathapuram Collector,https://www.thehindu.com/news/cities/Madurai/sivaguru-prabhakaran-appointed-as-ramanathapuram-collector/article71042051.ece,Madurai,6,"Sunday, 31st May 2026",2026-05-30T21:01:42+05:30
Government suspends import duty on cotton,https://www.thehindu.com/business/government-suspends-import-duty-on-cotton/article71042127.ece,Business,6,"Sunday, 31st May 2026",2026-05-30T21:01:39+05:30
Thirparappu falls draws large number of visitors,https://www.thehindu.com/news/cities/Madurai/thirparappu-falls-draws-large-number-of-visitors/article71042093.ece,Madurai,6,"Sunday, 31st May 2026",2026-05-30T21:00:52+05:30
Minister announces release of Godavari water today for Kharif season,https://www.thehindu.com/news/national/andhra-pradesh/minister-announces-release-of-godavari-water-today-for-kharif-season/article71042018.ece,Andhra Pradesh,6,"Sunday, 31st May 2026",2026-05-30T21:00:33+05:30
Mushkin Cheruvu freed from encroachments by HYDRAA,https://www.thehindu.com/news/national/telangana/mushkin-cheruvu-freed-from-encroachments-by-hydraa/article71042057.ece,Telangana,6,"Sunday, 31st May 2026",2026-05-30T21:00:18+05:30
Rigorous imprisonment for cricket coach for sexually abusing minor,https://www.thehindu.com/news/national/kerala/rigorous-imprisonment-for-cricket-coach-for-sexually-abusing-minor/article71042098.ece,Kerala,6,"Sunday, 31st May 2026",2026-05-30T20:57:18+05:30
Small onion farmers of Dindigul district unable to get right price for produce due to limited export opportunities,https://www.thehindu.com/news/cities/Madurai/small-onion-farmers-of-dindigul-district-unable-to-get-right-price-for-produce-due-to-limited-export-opportunities/article71042056.ece,Madurai,6,"Sunday, 31st May 2026",2026-05-30T20:56:59+05:30
Kogilu demolition: Families to approach a retired judge to prove residency claims,https://www.thehindu.com/news/cities/bangalore/kogilu-demolition-families-to-approach-a-retired-judge-to-prove-residency-claims/article71041895.ece,Bengaluru,6,"Sunday, 31st May 2026",2026-05-30T20:55:31+05:30
Ponguleti lays stone for integrated sub-registrar office complex at Banjara Hills,https://www.thehindu.com/news/national/telangana/ponguleti-lays-stone-for-integrated-sub-registrar-office-complex-at-banjara-hills/article71042134.ece,Telangana,6,"Sunday, 31st May 2026",2026-05-30T20:55:20+05:30
Govindaraja Swamy’s chariot procession marks Tirupati Brhamotsavams,https://www.thehindu.com/news/national/andhra-pradesh/govindaraja-swamys-chariot-procession-marks-tirupati-brhamotsavams/article71041655.ece,Andhra Pradesh,6,"Sunday, 31st May 2026",2026-05-30T20:52:27+05:30
Virtual queue system for Guruvayur temple darshan soon,https://www.thehindu.com/news/national/kerala/virtual-queue-system-for-guruvayur-temple-darshan-soon/article71042068.ece,Kerala,6,"Sunday, 31st May 2026",2026-05-30T20:52:13+05:30
20-year-old man arrested in Hyderabad for sexual assault,https://www.thehindu.com/news/cities/Hyderabad/20-year-old-man-arrested-in-hyderabad-for-sexual-assault/article71041639.ece,Hyderabad,6,"Sunday, 31st May 2026",2026-05-30T20:51:59+05:30
CBSE must explain why it missed the background check of Coempt Edu Tech: KTR,https://www.thehindu.com/news/national/telangana/cbse-must-explain-why-it-missed-the-background-check-of-coempt-edu-tech-ktr/article71042197.ece,Telangana,6,"Sunday, 31st May 2026",2026-05-30T20:51:34+05:30
Director General of Prisons inspects Madurai central prison,https://www.thehindu.com/news/cities/Madurai/director-general-of-prisons-inspects-madurai-central-prison/article71042116.ece,Madurai,6,"Sunday, 31st May 2026",2026-05-30T20:50:47+05:30
"Sabarimala gold theft case: CSIR-NML submits forensic report to vigilance court, investigators",https://www.thehindu.com/news/national/kerala/sabarimala-gold-theft-case-csir-nml-submits-forensic-report-to-vigilance-court-investigators/article71042160.ece,Kerala,6,"Sunday, 31st May 2026",2026-05-30T20:50:28+05:30
"Delhi Police arrest eight for planning attacks in Delhi, Mumbai",https://www.thehindu.com/news/cities/Delhi/delhi-police-arrest-eight-for-planning-attacks-in-delhi-mumbai/article71041711.ece,Delhi,6,"Sunday, 31st May 2026",2026-05-30T20:49:23+05:30
"Congress repaying ₹95,000 crore in loans of BRS regime:  Revanth Reddy",https://www.thehindu.com/news/national/telangana/congress-repaying-95000-crore-in-loans-of-brs-regime-revanth-reddy/article71042128.ece,Telangana,6,"Sunday, 31st May 2026",2026-05-30T20:48:16+05:30
Second ghat road to Kanaka Durga temple atop Indraleeladri in Vijayawada proposed,https://www.thehindu.com/news/national/andhra-pradesh/second-ghat-road-to-kanaka-durga-temple-atop-indraleeladri-in-vijayawada-proposed/article71041831.ece,Andhra Pradesh,6,"Sunday, 31st May 2026",2026-05-30T20:47:26+05:30
‘SIR Beda’: Civil society groups protest against exercise set for rollout in Karnataka,https://www.thehindu.com/news/cities/bangalore/sir-beda-civil-society-groups-protest-against-exercise-set-for-rollout-in-karnataka/article71041288.ece,Bengaluru,6,"Sunday, 31st May 2026",2026-05-30T20:45:55+05:30
Country-made guns seized in Belagavi district; 13 arrested,https://www.thehindu.com/news/national/karnataka/country-made-guns-seized-in-belagavi-district-13-arrested/article71042101.ece,Karnataka,6,"Sunday, 31st May 2026",2026-05-30T20:41:48+05:30
Business leaders to discuss navigating challenges at The Hindu Huddle 2026,https://www.thehindu.com/news/national/huddle-preview-7-business-leaders-to-discuss-navigating-challenges-at-hindu-huddle-2026/article71042039.ece,India,6,"Sunday, 31st May 2026",2026-05-30T20:40:10+05:30
"Economy is in chaos due to NDA Government’s policies, says CPI leader Annie Raja",https://www.thehindu.com/news/national/andhra-pradesh/economy-is-in-chaos-due-to-nda-governments-policies-says-cpi-leader-annie-raja/article71041998.ece,Andhra Pradesh,6,"Sunday, 31st May 2026",2026-05-30T20:39:30+05:30
Protest at Athirappilly in Kerala after fatal wild elephant attack,https://www.thehindu.com/news/national/kerala/protest-at-athirappilly-in-kerala-after-fatal-wild-elephant-attack/article71041904.ece,Kerala,6,"Sunday, 31st May 2026",2026-05-30T20:37:36+05:30
"Two head of cattle found dumped on roadside in Ballari; BJP, Hindu organisations stage protest",https://www.thehindu.com/news/national/karnataka/two-head-of-cattle-found-dumped-on-roadside-in-ballari-bjp-hindu-organisations-stage-protest/article71041931.ece,Karnataka,6,"Sunday, 31st May 2026",2026-05-30T20:36:18+05:30
"Significant gains in women education, digital access, and economic agency but social constraints persist, NFHS-6 finds",https://www.thehindu.com/news/national/significant-gains-in-women-education-digital-access-and-economic-agency-but-social-constraints-persist-nfhs-6-finds/article71041477.ece,India,6,"Sunday, 31st May 2026",2026-05-30T20:32:02+05:30
Keep reminding yourself of responsibility towards contributing to nation’s progress: Union Minister Pralhad Joshi,https://www.thehindu.com/news/national/karnataka/keep-reminding-yourself-of-responsibility-towards-contributing-to-nations-progress-union-minister-pralhad-joshi/article71041818.ece,Karnataka,6,"Sunday, 31st May 2026",2026-05-30T20:30:43+05:30
Poor upkeep of Veerappur temple draws flak from devotees,https://www.thehindu.com/news/cities/Tiruchirapalli/poor-upkeep-of-veerappur-temple-draws-flak-from-devotees/article71041708.ece,Tiruchirapalli,6,"Sunday, 31st May 2026",2026-05-30T20:30:32+05:30
Cyberabad She Teams nabs 29 offenders in decoy operations,https://www.thehindu.com/news/cities/Hyderabad/cyberabad-she-teams-nabs-29-offenders-in-decoy-operations/article71041535.ece,Hyderabad,6,"Sunday, 31st May 2026",2026-05-30T20:28:32+05:30
India will require 215 MMLPs by 2047 to meet rising freight demand,https://www.thehindu.com/business/india-will-require-215-mmlps-by-2047-to-meet-rising-freight-demand/article71038769.ece,Business,6,"Sunday, 31st May 2026",2026-05-30T20:26:55+05:30
BJP Minister Namassivayam calls on Union Home Minister,https://www.thehindu.com/news/cities/puducherry/bjp-minister-namassivayam-calls-on-union-home-minister/article71041277.ece,Puducherry,6,"Sunday, 31st May 2026",2026-05-30T20:26:30+05:30
VPA bags second rank in Sagar Aankalan port performance assessment,https://www.thehindu.com/news/cities/Visakhapatnam/vpa-bags-second-rank-in-sagar-aankalan-port-performance-assessment/article71042013.ece,Visakhapatnam,6,"Sunday, 31st May 2026",2026-05-30T20:25:40+05:30
VPA bags second rank in Sagar Aankalan port performance assessment,https://www.thehindu.com/news/cities/Visakhapatnam/vpa-bags-second-rank-in-sagar-aankalan-port-performance-assessment/article71042013.ece,Visakhapatnam,7,"Sunday, 31st May 2026",2026-05-30T20:25:40+05:30
Siddaramaiah again urged to step into national politics,https://www.thehindu.com/news/national/karnataka/siddaramaiah-again-urged-to-step-into-national-politics/article71042000.ece,Karnataka,7,"Sunday, 31st May 2026",2026-05-30T20:24:54+05:30
Traffic bottlenecks near District Court junction irk commuters,https://www.thehindu.com/news/cities/Tiruchirapalli/traffic-bottlenecks-near-district-court-junction-irk-commuters/article71041685.ece,Tiruchirapalli,7,"Sunday, 31st May 2026",2026-05-30T20:24:24+05:30
Kerala SHRC directs RDO probe into ride collapse at amusement park,https://www.thehindu.com/news/national/kerala/kerala-shrc-directs-rdo-probe-into-ride-collapse-at-amusement-park/article71041950.ece,Kerala,7,"Sunday, 31st May 2026",2026-05-30T20:24:10+05:30
HYDRAA speeds up drain de-silting works ahead of monsoon,https://www.thehindu.com/news/national/telangana/hydraa-speeds-up-drain-de-silting-works-ahead-of-monsoon/article71041860.ece,Telangana,7,"Sunday, 31st May 2026",2026-05-30T20:24:09+05:30
Hundreds take out march in Shivamogga for High Court Bench,https://www.thehindu.com/news/national/karnataka/hundreds-take-out-march-in-shivamogga-for-high-court-bench/article71041938.ece,Karnataka,7,"Sunday, 31st May 2026",2026-05-30T20:23:46+05:30
Nayati Healthcare donates electric bus to Tirumala temple,https://www.thehindu.com/news/national/andhra-pradesh/nayati-healthcare-donates-electric-bus-to-tirumala-temple/article71041746.ece,Andhra Pradesh,7,"Sunday, 31st May 2026",2026-05-30T20:23:28+05:30
‘Quantum today is where AI was five years ago’,https://www.thehindu.com/news/cities/bangalore/quantum-today-is-where-ai-was-five-years-ago/article71041410.ece,Bengaluru,7,"Sunday, 31st May 2026",2026-05-30T20:21:41+05:30
Fake fee receipt scam unearthed in SV University,https://www.thehindu.com/news/national/andhra-pradesh/fake-fee-receipt-scam-unearthed-in-sv-university/article71041791.ece,Andhra Pradesh,7,"Sunday, 31st May 2026",2026-05-30T20:21:22+05:30
"Telangana DGP CV Anand calls for sweeping overhaul of police department, hints at restructuring Greyhounds and SID",https://www.thehindu.com/news/national/telangana/telangana-dgp-cv-anand-calls-for-sweeping-overhaul-of-police-department-hints-at-restructuring-greyhounds-and-sid/article71041807.ece,Telangana,7,"Sunday, 31st May 2026",2026-05-30T20:21:13+05:30
Defence PSU Midhani Q4 net up 38% to ₹78 crore on highest quarterly turnover,https://www.thehindu.com/business/defence-psu-midhani-q4-net-up-38-to-78-crore-on-highest-quarterly-turnover/article71041934.ece,Business,7,"Sunday, 31st May 2026",2026-05-30T20:20:06+05:30
Fr. Muller Medical College Hospital receives WSO Angels Diamond Award for stroke patient care,https://www.thehindu.com/news/cities/Mangalore/fr-muller-medical-college-hospital-receives-wso-angels-diamond-award-for-stroke-patient-care/article71041743.ece,Mangaluru,7,"Sunday, 31st May 2026",2026-05-30T20:18:56+05:30
Transport department officials inspect buses of educational institutions,https://www.thehindu.com/news/cities/puducherry/transport-department-officials-inspect-buses-of-educational-institutions/article71041432.ece,Puducherry,7,"Sunday, 31st May 2026",2026-05-30T20:17:55+05:30
Glittering Osaka edges Jovic to prolong French Open run,https://www.thehindu.com/sport/tennis/glittering-osaka-edges-jovic-to-prolong-french-open-run/article71041872.ece,Tennis,7,"Sunday, 31st May 2026",2026-05-30T20:16:16+05:30
New high-altitude plant species discovered in Western Ghats,https://www.thehindu.com/news/national/kerala/new-high-altitude-plant-species-discovered-in-western-ghats/article71041813.ece,Kerala,7,"Sunday, 31st May 2026",2026-05-30T20:15:21+05:30
IPL Final RCB vs GT | Patidar not dwelling on emulating Dhoni and Rohit,https://www.thehindu.com/sport/cricket/ipl-final-rcb-vs-gt-patidar-not-dwelling-on-emulating-dhoni-and-rohit/article71041675.ece,Cricket,7,"Sunday, 31st May 2026",2026-05-30T20:15:02+05:30
Schools in the Union Territory to reopen only on June 4,https://www.thehindu.com/news/cities/puducherry/schools-in-the-union-territory-to-reopen-only-on-june-4/article71041485.ece,Puducherry,7,"Sunday, 31st May 2026",2026-05-30T20:14:49+05:30
Cyient to buy U.S. firm TAO Digital for $218 mn,https://www.thehindu.com/business/cyient-to-buy-us-firm-tao-digital-for-218-mn/article71041894.ece,Business,7,"Sunday, 31st May 2026",2026-05-30T20:13:57+05:30
Street vendors to hold mega convention in Raichur on June 6,https://www.thehindu.com/news/national/karnataka/street-vendors-to-hold-mega-convention-in-raichur-on-june-6/article71041776.ece,Karnataka,7,"Sunday, 31st May 2026",2026-05-30T20:13:17+05:30
Centre notifies two Special Economic Zones for Puducherry,https://www.thehindu.com/news/cities/puducherry/centre-notifies-two-special-economic-zones-for-puducherry/article71041202.ece,Puducherry,7,"Sunday, 31st May 2026",2026-05-30T20:13:06+05:30
French Open: Sabalenka sees off Kasatkina to reach fourth round,https://www.thehindu.com/sport/tennis/french-open-sabalenka-sees-off-kasatkina-to-reach-fourth-round/article71041892.ece,Tennis,7,"Sunday, 31st May 2026",2026-05-30T20:11:42+05:30
Case registered against 57 over protest during ED raid at Riyas’ house,https://www.thehindu.com/news/national/kerala/case-registered-against-57-over-protest-during-ed-raid-at-riyas-house/article71041965.ece,Kerala,7,"Sunday, 31st May 2026",2026-05-30T20:10:28+05:30
"Lokayukta officials conduct raids at 25 locations in Shivamogga, seize 17,000 metric tonnes of illegally extracted sand",https://www.thehindu.com/news/national/karnataka/lokayukta-officials-conduct-raids-at-25-locations-in-shivamogga-seize-17000-metric-tonnes-of-illegally-extracted-sand/article71041650.ece,Karnataka,7,"Sunday, 31st May 2026",2026-05-30T20:07:40+05:30
Three Telangana districts cross 46 Celsius,https://www.thehindu.com/news/national/telangana/three-telangana-districts-cross-46-celsius/article71041423.ece,Telangana,7,"Sunday, 31st May 2026",2026-05-30T20:07:37+05:30
"Karnataka Information Commission disposed of 40,000 RTI cases in a year, says Commissioner",https://www.thehindu.com/news/national/karnataka/karnataka-information-commission-disposed-of-40000-rti-cases-in-a-year-says-commissioner/article71041584.ece,Karnataka,7,"Sunday, 31st May 2026",2026-05-30T20:06:46+05:30
"IPL 2026 Final RCB vs GT | ‘We know the wicket and the ground,’ GT skipper Gill admits to home-ground advantage",https://www.thehindu.com/sport/cricket/ipl-2026-final-rcb-vs-gt-we-know-the-wicket-and-the-ground-gt-skipper-gill-admits-to-home-ground-advantage/article71041902.ece,Cricket,7,"Sunday, 31st May 2026",2026-05-30T20:03:29+05:30
"A.P. will lose if delimitation is done as per 2011 Census or latest data, says Chief Minister Chandrababu Naidu",https://www.thehindu.com/news/national/andhra-pradesh/ap-will-lose-if-delimitation-is-done-as-per-2011-census-or-latest-data-says-chief-minister-chandrababu-naidu/article71041704.ece,Andhra Pradesh,7,"Sunday, 31st May 2026",2026-05-30T20:01:37+05:30
Vice-President arrives at Dharmasthala,https://www.thehindu.com/news/cities/Mangalore/vice-president-arrives-at-dharmasthala/article71041486.ece,Mangaluru,7,"Sunday, 31st May 2026",2026-05-30T20:01:28+05:30
CPI(M) suspends Sreekrishnapuram councillor,https://www.thehindu.com/news/national/kerala/cpim-suspends-sreekrishnapuram-councillor/article71041518.ece,Kerala,7,"Sunday, 31st May 2026",2026-05-30T20:00:49+05:30
Nair Service Society appoints new secretary,https://www.thehindu.com/news/national/kerala/nair-service-society-appoints-new-secretary/article71041676.ece,Kerala,7,"Sunday, 31st May 2026",2026-05-30T20:00:10+05:30
Legal awareness camps must reach Banjara community at grassroots: Justice Sivaraman,https://www.thehindu.com/news/national/karnataka/legal-awareness-camps-must-reach-banjara-community-at-grassroots-justice-sivaraman/article71041506.ece,Karnataka,7,"Sunday, 31st May 2026",2026-05-30T19:59:53+05:30
"Karnataka: Foundation stone-laying for KPS, mega PTM on school opening day cancelled owing to political climate",https://www.thehindu.com/news/national/karnataka/karnataka-foundation-stone-laying-for-kps-mega-ptm-on-school-opening-day-cancelled-owing-to-political-climate/article71041169.ece,Karnataka,7,"Sunday, 31st May 2026",2026-05-30T19:59:40+05:30
MNRE Secretary reviews green energy initiatives at VOC Port,https://www.thehindu.com/news/cities/Madurai/mnre-secretary-reviews-green-energy-initiatives-at-voc-port/article71041770.ece,Madurai,7,"Sunday, 31st May 2026",2026-05-30T19:58:56+05:30
Malkajgiri police arrest five persons in multiple cyber fraud cases,https://www.thehindu.com/news/cities/Hyderabad/malkajgiri-police-arrest-five-persons-in-multiple-cyber-fraud-cases/article71041668.ece,Hyderabad,7,"Sunday, 31st May 2026",2026-05-30T19:58:55+05:30
Public health alert as influenza cases surge in Kerala,https://www.thehindu.com/news/national/kerala/public-health-alert-as-influenza-cases-surge-in-kerala/article71041367.ece,Kerala,7,"Sunday, 31st May 2026",2026-05-30T19:56:28+05:30
Telangana High Court directs HYDRAA to restore 13.17 acres in Kukatpally,https://www.thehindu.com/news/national/telangana/telangana-high-court-directs-hydraa-to-restore-1317-acres-in-kukatpally/article71041737.ece,Telangana,7,"Sunday, 31st May 2026",2026-05-30T19:53:54+05:30
CPI urges Puducherry government to expedite issuance of certificates for students joining higher education institutions,https://www.thehindu.com/news/cities/puducherry/cpi-urges-puducherry-government-to-expedite-issuance-of-certificates-for-students-joining-higher-education-institutions/article71041419.ece,Puducherry,7,"Sunday, 31st May 2026",2026-05-30T19:52:46+05:30
Buddha sculpture inaugurated at VIMS,https://www.thehindu.com/news/cities/Visakhapatnam/sculptor-of-lord-buddha-by-artist-sandhya-patnaik-inaugurated-at-vims/article71041739.ece,Visakhapatnam,7,"Sunday, 31st May 2026",2026-05-30T19:52:19+05:30
"Karnataka records gains in maternal and child health, but nutrition remains a concern: NFHS-6",https://www.thehindu.com/news/national/karnataka/karnataka-records-gains-in-maternal-and-child-health-but-nutrition-remains-a-concern-nfhs-6/article71041531.ece,Karnataka,7,"Sunday, 31st May 2026",2026-05-30T19:51:36+05:30
Attappady meet draws up tribal development charter,https://www.thehindu.com/news/national/kerala/attappady-meet-draws-up-tribal-development-charter/article71041566.ece,Kerala,7,"Sunday, 31st May 2026",2026-05-30T19:51:06+05:30
Chandrashekara Damle chosen for Yakshagana Kalaranga award,https://www.thehindu.com/news/cities/Mangalore/chandrashekara-damle-chosen-for-yakshagana-kalaranga-award/article71041573.ece,Mangaluru,7,"Sunday, 31st May 2026",2026-05-30T19:50:49+05:30
60% of cancer cases attributed to tobacco consumption,https://www.thehindu.com/news/national/andhra-pradesh/60-of-cancer-cases-attributed-to-tobacco-consumption/article71041537.ece,Andhra Pradesh,7,"Sunday, 31st May 2026",2026-05-30T19:50:27+05:30
Government launches ‘Operation Clean Sweep’ to  enhance awareness on sanitation,https://www.thehindu.com/news/national/andhra-pradesh/government-launches-operation-clean-sweep-to-boost-sanitation-awarenes/article71041246.ece,Andhra Pradesh,7,"Sunday, 31st May 2026",2026-05-30T19:49:34+05:30
Paddy farmers facing hardships due to procurement issues: Kishan Reddy,https://www.thehindu.com/news/national/telangana/paddy-farmers-facing-hardships-due-to-procurement-issues-kishan-reddy/article71041734.ece,Telangana,7,"Sunday, 31st May 2026",2026-05-30T19:48:59+05:30
Only 15.3% children aged 6-23 months receive adequate diet: NFHS-6,https://www.thehindu.com/news/national/only-153-children-aged-6-23-months-receive-adequate-diet-nfhs-6/article71041451.ece,India,7,"Sunday, 31st May 2026",2026-05-30T19:48:18+05:30
Man arrested for organising online cricket betting racket in Begum Bazar,https://www.thehindu.com/news/national/telangana/man-arrested-for-organising-online-cricket-betting-racket-in-begum-bazar/article71041638.ece,Telangana,7,"Sunday, 31st May 2026",2026-05-30T19:47:31+05:30
Solar fencing project hits roadblock over delay in tree felling,https://www.thehindu.com/news/national/kerala/solar-fencing-project-hits-roadblock-over-delay-in-tree-felling/article71041552.ece,Kerala,7,"Sunday, 31st May 2026",2026-05-30T19:46:24+05:30
Crackdown on quarries for illegalities under way in Krishnagiri,https://www.thehindu.com/news/cities/Coimbatore/crackdown-on-quarries-for-illegalities-under-way-in-krishnagiri/article71041758.ece,Coimbatore,7,"Sunday, 31st May 2026",2026-05-30T19:46:19+05:30
"Tech firms adding specialised talent on temporary basis to push benches away, stay slim",https://www.thehindu.com/business/tech-firms-adding-specialised-talent-on-temporary-basis-to-push-benches-away-stay-slim/article71038432.ece,Business,7,"Sunday, 31st May 2026",2026-05-30T19:45:28+05:30
Kerala govt. to mandate creches in firms with over 50 employees: Minister Bindhu Krishna,https://www.thehindu.com/news/national/kerala/kerala-govt-to-mandate-creches-in-firms-with-over-50-employees-minister-bindhu-krishna/article71041684.ece,Kerala,7,"Sunday, 31st May 2026",2026-05-30T19:45:13+05:30
Dust storms and heavy winds hit parts of Delhi,https://www.thehindu.com/news/cities/Delhi/dust-storms-and-heavy-winds-hit-parts-of-delhi/article71041433.ece,Delhi,8,"Sunday, 31st May 2026",2026-05-30T18:51:43+05:30
"Food safety lapses in Social Justice hostels will invite strict action, says Minister",https://www.thehindu.com/news/cities/Coimbatore/food-safety-lapses-in-social-justice-hostels-will-invite-strict-action-says-minister/article71041510.ece,Coimbatore,8,"Sunday, 31st May 2026",2026-05-30T18:51:16+05:30
Officials from Agriculture Dept. conduct raids at input shops in Kalaburagi district following complaints of overcharging,https://www.thehindu.com/news/national/karnataka/officials-from-agriculture-dept-conduct-raids-at-input-shops-in-kalaburagi-district-following-complaints-of-overcharging/article71041383.ece,Karnataka,8,"Sunday, 31st May 2026",2026-05-30T18:51:02+05:30
Water level in dams and rainfall,https://www.thehindu.com/news/cities/Madurai/water-level-in-dams-and-rainfall/article71041179.ece,Madurai,8,"Sunday, 31st May 2026",2026-05-30T18:51:01+05:30
Over 290 motorists’ licences suspended in Salem district for traffic violations,https://www.thehindu.com/news/cities/Coimbatore/over-290-motorists-licences-suspended-in-salem-district-for-traffic-violations/article71040741.ece,Coimbatore,8,"Sunday, 31st May 2026",2026-05-30T18:49:02+05:30
"Experts call for higher launch frequency, private role in space sector",https://www.thehindu.com/news/national/telangana/experts-call-for-higher-launch-frequency-private-role-in-space-sector/article71041028.ece,Telangana,8,"Sunday, 31st May 2026",2026-05-30T18:47:59+05:30
Miracle Star claims the Chettinad Stud Plate,https://www.thehindu.com/sport/races/miracle-star-claims-the-chettinad-stud-plate/article71041612.ece,Races,8,"Sunday, 31st May 2026",2026-05-30T18:44:13+05:30
"Farmers misled by loan waiver promise, alleges association founder",https://www.thehindu.com/news/cities/Coimbatore/farmers-misled-by-loan-waiver-promise-alleges-association-founder/article71041224.ece,Coimbatore,8,"Sunday, 31st May 2026",2026-05-30T18:43:48+05:30
"Watch: Operation sindoor still on, says Army Chief Upendra Dwivedi",https://www.thehindu.com/videos/watch-operation-sindoor-still-on-says-army-chief-upendra-dwivedi/article71041617.ece,Videos,8,"Sunday, 31st May 2026",2026-05-30T18:43:16+05:30
Sri Lanka's top monk suspended over alleged child sex abuse,https://www.thehindu.com/news/international/sri-lankas-top-monk-suspended-over-alleged-child-sex-abuse/article71041563.ece,World,8,"Sunday, 31st May 2026",2026-05-30T18:42:48+05:30
Police caution against sale of banned lottery tickets in Chittoor,https://www.thehindu.com/news/national/andhra-pradesh/police-caution-against-sale-of-banned-lottery-tickets-in-chittoor/article71041394.ece,Andhra Pradesh,8,"Sunday, 31st May 2026",2026-05-30T18:42:07+05:30
"CITU demands labour code amendments, ₹36,000 minimum wage",https://www.thehindu.com/news/national/karnataka/citu-demands-labour-code-amendments-36000-minimum-wage/article71040949.ece,Karnataka,8,"Sunday, 31st May 2026",2026-05-30T18:39:52+05:30
"D.K. Shivakumar meets Governor Gehlot, stakes claim to form new govt in Karnataka",https://www.thehindu.com/news/national/karnataka/dk-shivakumar-elected-leader-of-congress-legislative-party-in-karnataka/article71041528.ece,Karnataka,8,"Sunday, 31st May 2026",2026-05-30T18:39:05+05:30
Edappadi K. Palaniswami urges T.N. Governor to take steps against “horse-trading”,https://www.thehindu.com/news/national/tamil-nadu/edappadi-k-palaniswami-urges-tn-governor-to-take-steps-against-horse-trading/article71041397.ece,Tamil Nadu,8,"Sunday, 31st May 2026",2026-05-30T18:36:43+05:30
Chittoor SP launches QR-based auto safety initiative for public safety,https://www.thehindu.com/news/national/andhra-pradesh/chittoor-sp-launches-qr-based-auto-safety-initiative-for-public-safety/article71041252.ece,Andhra Pradesh,8,"Sunday, 31st May 2026",2026-05-30T18:36:31+05:30
"State govt. should strengthen Lokayukta Organisation, says Upalokayukta Phaneendra",https://www.thehindu.com/news/national/karnataka/state-govt-should-strengthen-lokayukta-organisation-says-upalokayukta-phaneendra/article71041405.ece,Karnataka,8,"Sunday, 31st May 2026",2026-05-30T18:34:29+05:30
Collector directs officials to make Sri Sathya Sai district drug-free,https://www.thehindu.com/news/national/andhra-pradesh/collector-directs-officials-to-make-sri-sathya-sai-district-drug-free/article71041347.ece,Andhra Pradesh,8,"Sunday, 31st May 2026",2026-05-30T18:31:51+05:30
Minister promises basic amenities in Tanguturu SC Colony within a month,https://www.thehindu.com/news/national/andhra-pradesh/minister-promises-basic-amenities-in-tanguturu-sc-colony-within-a-month/article71041282.ece,Andhra Pradesh,8,"Sunday, 31st May 2026",2026-05-30T18:29:16+05:30
Union Minister inaugurates Medical Textiles Testing Laboratory at AMTZ in Vizag,https://www.thehindu.com/news/cities/Visakhapatnam/union-minister-inaugurates-medical-textiles-testing-laboratory-at-amtz-in-vizag/article71041208.ece,Visakhapatnam,8,"Sunday, 31st May 2026",2026-05-30T18:27:09+05:30
"Top news of the day: Rahul Gandhi says PM Modi has “destroyed” education system after disruption of CUET-UG 2026; Vinesh Phogat knocked out of Asian Games trials, and more",https://www.thehindu.com/news/top-news-of-the-day-may-30-2026-rahul-gandhi-says-pm-modi-has-destroyed-the-education-system-after-the-disruption-of-cuet-ug-2026-vinesh-phogat-knocked-out-of-asian-games-trials-and-more/article71041385.ece,News,8,"Sunday, 31st May 2026",2026-05-30T18:22:44+05:30
Watch: Officers fire tear gas as protests escalate outside New Jersey ICE detention center,https://www.thehindu.com/shorts/watch-officers-fire-tear-gas-as-protests-escalate-outside-new-jerseyicedetention-center/article71041524.ece,Shorts,8,"Sunday, 31st May 2026",2026-05-30T18:19:58+05:30
Announcement on  cooperative loan waivers causes disappointment: farmers,https://www.thehindu.com/news/cities/Madurai/announcement-on-cooperative-loan-waivers-causes-disappointment-farmers/article71040926.ece,Madurai,8,"Sunday, 31st May 2026",2026-05-30T18:17:19+05:30
"Delhi court orders framing of charges against Jacqueline Fernandez, Sukesh, 15 others in money laundering case",https://www.thehindu.com/news/national/delhi-court-orders-framing-of-charges-against-jacqueline-fernandez-sukesh-15-others-in-money-laundering-case/article71041422.ece,India,8,"Sunday, 31st May 2026",2026-05-30T18:11:07+05:30
"In Focus Weekend | If you are a trauma survivor, what does it take to heal?",https://www.thehindu.com/podcast/in-focus-weekend-if-you-are-a-trauma-survivor-what-does-it-take-to-heal/article71041493.ece,Podcast,8,"Sunday, 31st May 2026",2026-05-30T18:09:29+05:30
Cancer awareness spin wheel launched to mark World No Tobacco day,https://www.thehindu.com/news/cities/Coimbatore/cancer-awareness-spin-wheel-launched-to-mark-world-no-tobacco-day/article71040907.ece,Coimbatore,8,"Sunday, 31st May 2026",2026-05-30T18:05:02+05:30
"WHO Chief lands in eastern Congo's Ituri province, epicentre of Ebola, as outbreak outpaces response",https://www.thehindu.com/news/international/who-chief-in-congo-amid-growing-ebola-outbreak/article71041353.ece,World,8,"Sunday, 31st May 2026",2026-05-30T18:02:47+05:30
"Coimbatore private school ‘imposes unjust fee penalty’ on parent, asks him to transfer children",https://www.thehindu.com/news/cities/Coimbatore/coimbatore-private-school-imposes-unjust-fee-penalty-on-parent-asks-him-to-transfer-children/article71041285.ece,Coimbatore,8,"Sunday, 31st May 2026",2026-05-30T17:57:15+05:30
Mob attacks Trinamool leader Abhishek Banerjee; Mamata blames it on BJP,https://www.thehindu.com/news/national/west-bengal/tmc-abhishek-banerjee-manhandled-eggs-stones-thrown-bengal-post-poll-violence-visit/article71041375.ece,West Bengal,8,"Sunday, 31st May 2026",2026-05-30T17:47:25+05:30
Primary schoolteachers to undergo training on revised curriculum from June 1,https://www.thehindu.com/news/cities/Coimbatore/primary-schoolteachers-to-undergo-training-on-revised-curriculum-from-june-1/article71041332.ece,Coimbatore,8,"Sunday, 31st May 2026",2026-05-30T17:45:42+05:30
Elephant detection system in Palakkad–Madukkarai rail section inspected,https://www.thehindu.com/news/cities/Coimbatore/elephant-detection-system-in-palakkadmadukkarai-rail-section-inspected/article71041354.ece,Coimbatore,8,"Sunday, 31st May 2026",2026-05-30T17:42:41+05:30
"Likely moderation in economic activity, near-term growth outlook shows cautious resilience: Finance Ministry",https://www.thehindu.com/business/Economy/likely-moderation-in-economic-activity-near-term-growth-outlook-shows-cautious-resilience-finance-ministry/article71041094.ece,Economy,8,"Sunday, 31st May 2026",2026-05-30T17:37:33+05:30
Congress leader D.K. Shivakumar set for Karnataka CM post,https://www.thehindu.com/videos/congress-leader-dk-shivakumar-set-for-karnataka-cm-post/article71041380.ece,Videos,8,"Sunday, 31st May 2026",2026-05-30T17:36:32+05:30
Make an informed decision,https://www.thehindu.com/education/careers/make-an-informed-decision/article71023974.ece,premium,8,"Sunday, 31st May 2026",2026-05-30T17:30:00+05:30
Watch: Myanmar President Aung Hlaing begins India visit,https://www.thehindu.com/videos/watch-myanmar-president-aung-hlaing-begins-india-visit/article71041366.ece,Videos,8,"Sunday, 31st May 2026",2026-05-30T17:29:30+05:30
Government exempts import duty on cotton till October 30,https://www.thehindu.com/business/Industry/government-exempts-import-duty-on-cotton-till-october-30/article71041331.ece,Industry,8,"Sunday, 31st May 2026",2026-05-30T17:23:54+05:30
Internet services to be suspended on May 30 in Haryana’s Faridabad ahead of demolition drive,https://www.thehindu.com/news/national/haryana/internet-services-to-be-suspended-on-may-30-in-haryanas-faridabad-ahead-of-demolition-drive/article71041231.ece,Haryana,8,"Sunday, 31st May 2026",2026-05-30T17:21:04+05:30
Farmers’ association welcomes re-enumeration for loan waiver scheme,https://www.thehindu.com/news/cities/Tiruchirapalli/farmers-association-welcomes-re-enumeration-for-loan-waiver-scheme/article71040954.ece,Tiruchirapalli,8,"Sunday, 31st May 2026",2026-05-30T17:07:19+05:30
"Discussions held on housing, pension, drinking water issues during DISHA meeting in Visakhapatnam",https://www.thehindu.com/news/cities/Visakhapatnam/discussions-held-on-housing-pension-drinking-water-issues-during-disha-meeting-in-visakhapatnam/article71041026.ece,Visakhapatnam,8,"Sunday, 31st May 2026",2026-05-30T17:04:32+05:30
Three arrested on murder charge at Sengalipuram,https://www.thehindu.com/news/cities/Tiruchirapalli/three-arrested-on-murder-charge-at-sengalipuram/article71041101.ece,Tiruchirapalli,8,"Sunday, 31st May 2026",2026-05-30T17:01:52+05:30
Navy Chief underlines U.P.’s contributions to force at ‘Shaurya Vatika’ opening,https://www.thehindu.com/news/national/uttar-pradesh/navy-chief-underlines-ups-contributions-to-force-at-shaurya-vatika-opening/article71041074.ece,Uttar Pradesh,8,"Sunday, 31st May 2026",2026-05-30T16:57:43+05:30
Farmers from delta districts plan to lay siege to Mekedatu dam construction site,https://www.thehindu.com/news/national/tamil-nadu/farmers-from-delta-districts-plan-to-lay-siege-to-mekedatu-dam-construction-site/article71040957.ece,Tamil Nadu,8,"Sunday, 31st May 2026",2026-05-30T16:57:24+05:30
College holds workshop on endoscopic base-of-skull surgery,https://www.thehindu.com/news/cities/Tiruchirapalli/college-holds-workshop-on-endoscopic-base-of-skull-surgery/article71040813.ece,Tiruchirapalli,8,"Sunday, 31st May 2026",2026-05-30T16:49:34+05:30
‘Remove obstructions for free flow of water in Amaravati’: ADC,https://www.thehindu.com/news/national/andhra-pradesh/remove-obstructions-for-free-flow-of-water-in-amaravati-adc/article71041024.ece,Andhra Pradesh,8,"Sunday, 31st May 2026",2026-05-30T16:49:09+05:30
Andhra Pradesh government permits ASI survey in Nallamala forests,https://www.thehindu.com/news/national/andhra-pradesh/andhra-pradesh-government-permits-asi-survey-in-nallamala-forests/article71040969.ece,Andhra Pradesh,8,"Sunday, 31st May 2026",2026-05-30T16:48:15+05:30
Proposed Kerala high-speed rail to connect Thiruvananthapuram with Kannur in 3.5 hours,https://www.thehindu.com/news/national/kerala/proposed-kerala-high-speed-rail-to-connect-thiruvananthapuram-with-kannur-in-35-hours/article71041069.ece,Kerala,8,"Sunday, 31st May 2026",2026-05-30T16:46:36+05:30
Congress govt. in Himachal changing election rules to hijack local body polls: BJP State chief,https://www.thehindu.com/news/national/himachal-pradesh/congress-govt-in-himachal-changing-election-rules-to-hijack-local-body-polls-bjp-state-chief/article71041170.ece,Himachal Pradesh,8,"Sunday, 31st May 2026",2026-05-30T16:40:07+05:30
"Bus carrying young athletes crashes in Hungary, killing driver and injuring 23",https://www.thehindu.com/news/international/bus-carrying-young-athletes-crashes-in-hungary-killing-driver-and-injuring-23/article71041185.ece,World,8,"Sunday, 31st May 2026",2026-05-30T16:38:24+05:30
Undertrial prisoners entitled to be treated at private hospitals of their choice: Madras High Court,https://www.thehindu.com/news/national/tamil-nadu/undertrial-prisoners-entitled-to-be-treated-at-private-hospitals-of-their-choice-madras-high-court/article71040886.ece,Tamil Nadu,8,"Sunday, 31st May 2026",2026-05-30T16:37:27+05:30
Russia recalls Envoy to Armenia over EU ties ahead of vote,https://www.thehindu.com/news/international/russia-recalls-envoy-to-armenia-over-eu-ties-ahead-of-vote/article71041099.ece,World,8,"Sunday, 31st May 2026",2026-05-30T16:34:02+05:30
Over 45k booth-level officers engaged to carry out SIR in Odisha from May 30,https://www.thehindu.com/news/national/odisha/over-45k-booth-level-officers-engaged-to-carry-out-sir-in-odisha-from-may-30/article71041154.ece,Odisha,8,"Sunday, 31st May 2026",2026-05-30T16:32:41+05:30
Primary schoolteachers to undergo training on revised curriculum from June 1,https://www.thehindu.com/news/cities/Coimbatore/primary-schoolteachers-to-undergo-training-on-revised-curriculum-from-june-1/article71041332.ece,Coimbatore,9,"Sunday, 31st May 2026",2026-05-30T17:45:42+05:30
Elephant detection system in Palakkad–Madukkarai rail section inspected,https://www.thehindu.com/news/cities/Coimbatore/elephant-detection-system-in-palakkadmadukkarai-rail-section-inspected/article71041354.ece,Coimbatore,9,"Sunday, 31st May 2026",2026-05-30T17:42:41+05:30
"Likely moderation in economic activity, near-term growth outlook shows cautious resilience: Finance Ministry",https://www.thehindu.com/business/Economy/likely-moderation-in-economic-activity-near-term-growth-outlook-shows-cautious-resilience-finance-ministry/article71041094.ece,Economy,9,"Sunday, 31st May 2026",2026-05-30T17:37:33+05:30
Congress leader D.K. Shivakumar set for Karnataka CM post,https://www.thehindu.com/videos/congress-leader-dk-shivakumar-set-for-karnataka-cm-post/article71041380.ece,Videos,9,"Sunday, 31st May 2026",2026-05-30T17:36:32+05:30
"Union demands filling of vacancies in power utility, confirmation of contract workers",https://www.thehindu.com/news/cities/Tiruchirapalli/union-demands-filling-of-vacancies-in-power-utility-confirmation-of-contract-workers/article71044670.ece,Tiruchirapalli,10,"Sunday, 31st May 2026",2026-05-31T18:30:00+05:30
"Peenya to get CoE for AI, Robotics, Innovation to boost MSMEs: Karandlaje",https://www.thehindu.com/news/national/karnataka/peenya-to-get-coe-for-ai-robotics-innovation-to-boost-msmes-karandlaje/article71042501.ece,Karnataka,10,"Sunday, 31st May 2026",2026-05-31T18:28:01+05:30
"Right information key to shaping youth perspectives, says Vice-President",https://www.thehindu.com/news/national/kerala/right-information-key-to-shaping-youth-perspectives-says-vice-president/article71044616.ece,Kerala,10,"Sunday, 31st May 2026",2026-05-31T18:25:48+05:30
South Coast Railway Zone’s launch a historic milestone: Palla,https://www.thehindu.com/news/cities/Visakhapatnam/south-coast-railway-zones-launch-a-historic-milestone-palla/article71044413.ece,Visakhapatnam,10,"Sunday, 31st May 2026",2026-05-31T18:25:18+05:30
Five-day music festival comes to an end at Hosahalli,https://www.thehindu.com/news/national/karnataka/five-day-music-festival-comes-to-an-end-at-hosahalli/article71044416.ece,Karnataka,10,"Sunday, 31st May 2026",2026-05-31T18:21:58+05:30
"Nepal has also encroached upon Indian territory, says PM Balendra Shah",https://www.thehindu.com/news/international/nepal-pm-says-nepal-has-also-encroached-upon-indian-territory-sparks-uproar-in-parliament/article71044625.ece,World,10,"Sunday, 31st May 2026",2026-05-31T18:16:43+05:30
"Coalition govt. has failed women on every front, alleges YSRCP",https://www.thehindu.com/news/national/andhra-pradesh/coalition-govt-has-failed-women-on-every-front-alleges-ysrcp/article71044553.ece,Andhra Pradesh,10,"Sunday, 31st May 2026",2026-05-31T18:15:19+05:30
WHO hails five Ebola recoveries as new treatment centre opens in eastern Congo,https://www.thehindu.com/news/international/who-hails-five-ebola-recoveries-as-new-treatment-centre-opens-in-eastern-congo/article71044623.ece,World,10,"Sunday, 31st May 2026",2026-05-31T18:14:15+05:30
New District Collector assumes office in Namakkal,https://www.thehindu.com/news/cities/Coimbatore/new-district-collector-assumes-office-in-namakkal/article71044411.ece,Coimbatore,10,"Sunday, 31st May 2026",2026-05-31T18:12:49+05:30
"Groceries to become costlier owing to fuel price hike, say traders",https://www.thehindu.com/news/cities/Coimbatore/grocers-say-prices-may-rise-soon-owing-to-fuel-price-hike/article71044274.ece,Coimbatore,10,"Sunday, 31st May 2026",2026-05-31T18:09:17+05:30
Atchutapuram police exhume body three months after burial over foul-play suspicion,https://www.thehindu.com/news/cities/Visakhapatnam/atchutapuram-police-exhume-body-three-months-after-burial-over-foul-play-suspicion/article71044438.ece,Visakhapatnam,10,"Sunday, 31st May 2026",2026-05-31T18:07:14+05:30
Veteran ​Sorana Cirstea defies age to reach first French Open quarterfinal in 17 years,https://www.thehindu.com/sport/tennis/veteran-sorana-cirstea-defies-age-to-reach-first-french-open-quarterfinal-in-17-years/article71044622.ece,Tennis,10,"Sunday, 31st May 2026",2026-05-31T18:06:23+05:30
Need for early detection of kidney diseases stressed at CME in Tiruchi,https://www.thehindu.com/news/cities/Tiruchirapalli/need-for-early-detection-of-kidney-diseases-stressed-at-cme-in-tiruchi/article71044565.ece,Tiruchirapalli,10,"Sunday, 31st May 2026",2026-05-31T18:03:37+05:30
Man hacks wife to death over suspicion of extramarital affair in Ramanagara,https://www.thehindu.com/news/national/karnataka/man-hacks-wife-to-death-over-suspicion-of-extramarital-affair-in-ramanagara/article71044233.ece,Karnataka,10,"Sunday, 31st May 2026",2026-05-31T17:58:28+05:30
Pratik Tayal assumes office as Collector of Tiruchi,https://www.thehindu.com/news/cities/Tiruchirapalli/pratik-tayal-assumes-office-as-collector-of-tiruchi/article71044539.ece,Tiruchirapalli,10,"Sunday, 31st May 2026",2026-05-31T17:55:16+05:30
Government allots land for fish landing centre in Pattinacherry,https://www.thehindu.com/news/cities/Tiruchirapalli/government-allots-land-for-fish-landing-centre-in-pattinacherry/article71044515.ece,Tiruchirapalli,10,"Sunday, 31st May 2026",2026-05-31T17:52:06+05:30
Watch: India gets new CDS: General N.S. Raja Subramani takes charge,https://www.thehindu.com/videos/watch-india-gets-new-cds-general-ns-raja-subramani-takes-charge/article71044612.ece,Videos,10,"Sunday, 31st May 2026",2026-05-31T17:50:40+05:30
KRRS opposes privatisation of electricity supply,https://www.thehindu.com/news/national/karnataka/krrs-opposes-privatisation-of-electricity-supply/article71044435.ece,Karnataka,10,"Sunday, 31st May 2026",2026-05-31T17:49:52+05:30
Watch: Solar project sparks fears for Gujarat’s Banni grasslands,https://www.thehindu.com/videos/watch-solar-project-sparks-fears-for-gujarats-banni-grasslands/article71044610.ece,Spotlight,10,"Sunday, 31st May 2026",2026-05-31T17:46:05+05:30
No lion deaths reported in last three days amid viral outbreak in Gir: Minister,https://www.thehindu.com/news/national/gujarat/no-lion-deaths-reported-in-last-three-days-amid-viral-outbreak-in-gir-minister/article71044498.ece,Gujarat,10,"Sunday, 31st May 2026",2026-05-31T17:44:12+05:30
Watch: TN: Fire breaks out at Hyundai factory in Kancheepuram,https://www.thehindu.com/videos/watch-tn-fire-breaks-out-at-hyundai-factory-in-kancheepuram/article71044597.ece,Videos,10,"Sunday, 31st May 2026",2026-05-31T17:43:58+05:30
Madurai Reader’s Mail,https://www.thehindu.com/news/cities/Madurai/madurai-readers-mail/article71044365.ece,Madurai,10,"Sunday, 31st May 2026",2026-05-31T17:41:27+05:30
Enumeration phase of SIR begins in four States,https://www.thehindu.com/news/national/enumeration-phase-of-sir-begins-in-four-states/article71044518.ece,India,10,"Sunday, 31st May 2026",2026-05-31T17:40:52+05:30
Watch: ‘We will accelerate induction of indigenous weapons’: Gen N. S. Raja Subramani takes charge as CDS,https://www.thehindu.com/shorts/watch-we-will-accelerate-induction-of-indigenous-weapons-gen-n-s-raja-subramani-takes-charge-as-cds/article71044583.ece,Shorts,10,"Sunday, 31st May 2026",2026-05-31T17:39:44+05:30
Man attacks three of a family in Mayiladuthurai; surrenders before police,https://www.thehindu.com/news/cities/Tiruchirapalli/man-attacks-three-of-a-family-in-mayiladuthurai-surrenders-before-police/article71044494.ece,Tiruchirapalli,10,"Sunday, 31st May 2026",2026-05-31T17:36:26+05:30
UDF government in Kerala ‘poised’ to refer ADM Naveen Babu’s suicide case to CBI,https://www.thehindu.com/news/national/kerala/udf-government-in-keralapoised-to-refer-adm-naveen-babus-suicide-case-to-cbi/article71044407.ece,Kerala,10,"Sunday, 31st May 2026",2026-05-31T17:35:35+05:30
Stone laid for open dining shed in govt school with CSR funds of BPCL in Madurai,https://www.thehindu.com/news/cities/Madurai/stone-laid-for-open-dining-shed-in-govt-school-with-csr-funds-of-bpcl-in-madurai/article71044469.ece,Madurai,10,"Sunday, 31st May 2026",2026-05-31T17:34:53+05:30
Satwik-Chirag end title drought with maiden Singapore Open crown,https://www.thehindu.com/sport/other-sports/satwik-chirag-end-title-drought-with-maiden-singapore-open-crown/article71044517.ece,Other Sports,10,"Sunday, 31st May 2026",2026-05-31T17:34:49+05:30
"Top news of the day: CBSE says OnMark portal ‘vulnerabilities’ contained amid security concerns, Iran chief negotiator says no deal with U.S. until Iranian rights secured, and more",https://www.thehindu.com/news/top-news-of-the-day-may-31-2026/article71044476.ece,News,10,"Sunday, 31st May 2026",2026-05-31T17:32:07+05:30
Watch: Rajya Sabha Nomination In TN To Begin; TVK Likely To Win Its First Upper House Berth,https://www.thehindu.com/videos/watch-rajya-sabha-nomination-in-tn-to-begin-tvk-likely-to-win-its-first-upper-house-berth/article71044542.ece,Videos,10,"Sunday, 31st May 2026",2026-05-31T17:31:50+05:30
11 injured in jallikattu in Pudukottai district,https://www.thehindu.com/news/cities/Tiruchirapalli/11-injured-in-jallikattu-in-pudukottai-district/article71044447.ece,Tiruchirapalli,10,"Sunday, 31st May 2026",2026-05-31T17:30:50+05:30
Thunderstorm forecast in 21 Telangana districts on June 1,https://www.thehindu.com/news/national/telangana/thunderstorm-forecast-in-21-telangana-districts-on-june-1/article71044373.ece,Telangana,10,"Sunday, 31st May 2026",2026-05-31T17:27:21+05:30
Yercaud summer festival concludes,https://www.thehindu.com/news/cities/Coimbatore/yercaud-summer-festival-concludes/article71044389.ece,Coimbatore,10,"Sunday, 31st May 2026",2026-05-31T17:26:56+05:30
Elderly woman dies after scooter hits her in Salem,https://www.thehindu.com/news/cities/Coimbatore/elderlywoman-dies-after-scooter-hits-her-in-salem/article71044122.ece,Coimbatore,10,"Sunday, 31st May 2026",2026-05-31T17:15:02+05:30
Watch | Pune Hooch tragedy: CID takes over probe as death toll rises to 22,https://www.thehindu.com/videos/watch-pune-hooch-tragedy-cid-takes-over-probe-as-death-toll-rises-to-22/article71044506.ece,Videos,10,"Sunday, 31st May 2026",2026-05-31T17:14:55+05:30
"‘This is crucial juncture for space missions’, says Shubhanshu Shukla, as he prepares for second space voyage",https://www.thehindu.com/sci-tech/science/this-is-crucial-juncture-for-space-missions-shubhanshu-shukla-as-he-prepares-for-second-space-voyage/article71044351.ece,Science,10,"Sunday, 31st May 2026",2026-05-31T17:14:31+05:30
Marta Kostyuk stuns Iga Swiatek to reach her first French Open quarterfinal,https://www.thehindu.com/sport/tennis/marta-kostyuk-stuns-iga-swiatek-to-reach-her-first-french-open-quarterfinal/article71044466.ece,Tennis,10,"Sunday, 31st May 2026",2026-05-31T17:14:15+05:30
Mekedatu Dam row: Protesting Tamil Nadu farmers stopped at Karnataka border in Krishnagiri,https://www.thehindu.com/news/national/tamil-nadu/mekedatu-dam-row-protesting-tamil-nadu-farmers-stopped-at-karnataka-border-in-krishnagiri/article71044091.ece,Tamil Nadu,10,"Sunday, 31st May 2026",2026-05-31T17:11:02+05:30
"Pakistan beaming rogue telecom signals to aid terror networks, penetrate jails in Jammu and Kashmir: Officials",https://www.thehindu.com/news/national/jammu-and-kashmir/pakistan-beaming-rogue-telecom-signals-to-aid-terror-networks-penetrate-jails-in-jammu-and-kashmir-officials/article71044404.ece,Jammu and Kashmir,10,"Sunday, 31st May 2026",2026-05-31T17:08:27+05:30
Kedarnath Yatra temporarily halted due to bad weather in Uttarakhand,https://www.thehindu.com/news/national/uttarakhand/kedarnath-yatra-temporarily-halted-due-to-bad-weather-in-uttarakhand/article71044457.ece,Uttarakhand,10,"Sunday, 31st May 2026",2026-05-31T17:06:57+05:30
"Kochi police record statement of Malayalam actor Ansiba Hassan on her complaint against fellow actor, woman cop",https://www.thehindu.com/news/national/kerala/kochi-police-record-statement-of-malayalam-actor-ansiba-hassan-on-her-complaint-against-fellow-actor-woman-cop/article71044213.ece,Kerala,10,"Sunday, 31st May 2026",2026-05-31T17:04:54+05:30
"What is changing for UPI and LPG from June 1, 2026? Everything to know",https://www.thehindu.com/business/Economy/june-1-2026-financial-changes-upi-lpg-taxes-pan-card/article71044414.ece,Economy,10,"Sunday, 31st May 2026",2026-05-31T16:59:52+05:30
No tussle at all with judiciary over appointment of judges: Law Minister,https://www.thehindu.com/news/national/no-tussle-at-all-with-judiciary-over-appointment-of-judges-law-minister/article71044386.ece,India,10,"Sunday, 31st May 2026",2026-05-31T16:57:52+05:30
World No Tobacco Day observed in Namakkal,https://www.thehindu.com/news/cities/Coimbatore/world-no-tobacco-day-observed-in-namakkal/article71044182.ece,Coimbatore,10,"Sunday, 31st May 2026",2026-05-31T16:57:31+05:30
A new-look Pudukottai railway station with better amenities getting ready,https://www.thehindu.com/news/cities/Tiruchirapalli/a-new-look-pudukottai-railway-station-with-better-amenities-getting-ready/article71044377.ece,Tiruchirapalli,10,"Sunday, 31st May 2026",2026-05-31T16:55:21+05:30
Dindigul reader’s mail,https://www.thehindu.com/news/cities/Madurai/dindigul-readers-mail/article71044383.ece,Madurai,10,"Sunday, 31st May 2026",2026-05-31T16:51:48+05:30
CBSE says OnMark portal ‘vulnerabilities’ contained amid security concerns,https://www.thehindu.com/news/national/cbse-says-onmark-portal-vulnerabilities-contained-amid-security-concerns/article71044420.ece,India,10,"Sunday, 31st May 2026",2026-05-31T16:48:46+05:30
Home Minister V. Anitha visits home guard injured in knife attack near Lankelapalem,https://www.thehindu.com/news/cities/Visakhapatnam/home-minister-v-anitha-visits-home-guard-injured-in-knife-attack-near-lankelapalem/article71044394.ece,Visakhapatnam,10,"Sunday, 31st May 2026",2026-05-31T16:46:29+05:30
Three held in J&K’s Uri as Army foils exfiltration bid,https://www.thehindu.com/news/national/jammu-and-kashmir/people-held-in-jammu-and-kashmir-while-trying-to-exfiltrate-to-pakistan/article71044354.ece,Jammu and Kashmir,10,"Sunday, 31st May 2026",2026-05-31T16:44:22+05:30
College student dies after getting stuck in temple car wheel in Tiruchengode,https://www.thehindu.com/news/national/tamil-nadu/college-student-dies-after-getting-stuck-in-temple-car-wheel-in-tiruchengode/article71044228.ece,Tamil Nadu,10,"Sunday, 31st May 2026",2026-05-31T16:44:20+05:30
